Jour;Mois;JourSemaine;Base;UIOLI;Equi;ReaSePrec;TSP;ReaVeille;TVE;Inconnues
0;0.272727273;0.166666667;0.833781117;0.798311279;0.2122098;0.69914753;0.324396783;0.922504098;0.474530831;0.833163429
0.001329787;0.272727273;0.333333333;0.854827793;0.568339205;0.099838014;0.658377275;0.335120643;0.833163429;0.509383378;0.827506303
0.002659574;0.272727273;0.5;0.795322192;0.68252597;0.001665958;0.727275799;0.356568365;0.827506303;0.367292225;0.771591037
0.003989362;0.272727273;0.666666667;0.771802421;0.725502931;0.117914233;0.707831394;0.36997319;0.771591037;0.26541555;0.754937282
0.005319149;0.272727273;0.833333333;0.777986386;0.68977745;0.209891188;0.733958479;0.434316354;0.754937282;0.286863271;0.789935299
0.006648936;0.272727273;1;0.85630926;0.703985733;0.263127185;0.886896214;0.45844504;0.789935299;0.353887399;0.86785356
0.007978723;0.272727273;0;0.870928906;0.776574769;0.215688391;0.922504098;0.474530831;0.86785356;0.426273458;0.896707936
0.009308511;0.272727273;0.166666667;0.775741146;0.726919398;0.096287162;0.833163429;0.509383378;0.896707936;0.407506702;0.768866814
0.010638298;0.272727273;0.333333333;0.84575968;0.611435604;0.253922711;0.827506303;0.367292225;0.768866814;0.428954424;0.841372273
0.011968085;0.272727273;0.5;0.822572235;0.638019251;0.222892705;0.771591037;0.26541555;0.841372273;0.407506702;0.831986894
0.013297872;0.272727273;0.666666667;0.833701072;0.672613799;0.250331162;0.754937282;0.286863271;0.831986894;0.356568365;0.839379355
0.01462766;0.272727273;0.833333333;0.847055394;0.637460888;0.137796136;0.789935299;0.353887399;0.839379355;0.324396783;0.830093133
0.015957447;0.272727273;1;0.840710213;0.723171907;0.165056668;0.86785356;0.426273458;0.830093133;0.284182306;0.832691413
0.017287234;0.272727273;0;0.8319623;0.698651129;0.1008255;0.896707936;0.407506702;0.832691413;0.254691689;0.794321102
0.018617021;0.272727273;0.166666667;0.826974209;0.705332518;0.310884691;0.768866814;0.428954424;0.794321102;0.262734584;0.835668816
0.019946809;0.272727273;0.333333333;0.890474036;0.749810712;0.226097555;0.841372273;0.407506702;0.835668816;0.410187668;0.88986566
0.021276596;0.272727273;0.5;0.927459125;0.810851461;0.234284137;0.831986894;0.356568365;0.88986566;0.388739946;0.91245424
0.022606383;0.272727273;0.666666667;0.956506348;0.763145391;0.296213321;0.839379355;0.324396783;0.91245424;0.477211796;0.970155019
0.02393617;0.272727273;0.833333333;0.956981779;0.805638587;0.353082655;0.830093133;0.284182306;0.970155019;0.576407507;0.979002402
0.025265957;0.272727273;1;0.967224986;0.741794508;0.367116727;0.832691413;0.254691689;0.979002402;0.611260054;0.9756616
0.026595745;0.272727273;0;0.968155524;0.770782382;0.339890265;0.794321102;0.262734584;0.9756616;0.63002681;0.98176876
0.027925532;0.272727273;0.166666667;0.969167969;0.764120444;0.333822613;0.835668816;0.410187668;0.98176876;0.600536193;0.982807108
0.029255319;0.272727273;0.333333333;0.941169964;0.795539128;0.237236893;0.88986566;0.388739946;0.982807108;0.611260054;0.957976916
0.030585106;0.272727273;0.5;0.886641544;0.778585349;0.222334422;0.91245424;0.477211796;0.957976916;0.549597855;0.894958624
0.031914894;0.272727273;0.666666667;0.855768271;0.670003734;0.15238821;0.970155019;0.576407507;0.894958624;0.45308311;0.849441869
0.033244681;0.272727273;0.833333333;0.876625926;0.819457319;0.277382339;0.979002402;0.611260054;0.849441869;0.375335121;0.880456109
0.034574468;0.272727273;1;0.886569096;0.695899347;0.303924259;0.9756616;0.63002681;0.880456109;0.431635389;0.897431456
0.035904255;0.272727273;0;0.88465064;0.657875494;0.160639041;0.98176876;0.600536193;0.897431456;0.345844504;0.866171928
0.037234043;0.272727273;0.166666667;0.839323439;0.773937908;0.198554913;0.982807108;0.611260054;0.866171928;0.345844504;0.829801245
0.03856383;0.272727273;0.333333333;0.827452919;0.858994173;0.171756489;0.957976916;0.549597855;0.829801245;0.423592493;0.851584766
0.039893617;0.363636364;0.5;0.937443014;0.829043029;0.362239393;0.894958624;0.45308311;0.851584766;0.407506702;0.96279042
0.041223404;0.363636364;0.666666667;0.892376505;0.951217719;0.239432403;0.849441869;0.375335121;0.96279042;0.461126005;0.916167017
0.042553191;0.363636364;0.833333333;0.873199682;0.932439676;0.20944408;0.880456109;0.431635389;0.916167017;0.396782842;0.878862537
0.043882979;0.363636364;1;0.866966989;0.783545813;0.23208398;0.897431456;0.345844504;0.878862537;0.396782842;0.867066123
0.045212766;0.363636364;0;0.836790017;0.716445817;0.185905569;0.866171928;0.345844504;0.867066123;0.260053619;0.805603565
0.046542553;0.363636364;0.166666667;0.70751592;0.665363962;0.106857474;0.829801245;0.423592493;0.805603565;0.310991957;0.727084443
0.04787234;0.363636364;0.333333333;0.789529248;0.693534893;0.264367831;0.851584766;0.407506702;0.727084443;0.351206434;0.806417911
0.049202128;0.363636364;0.5;0.844583902;0.724776091;0.392552326;0.96279042;0.461126005;0.806417911;0.434316354;0.872327461
0.050531915;0.363636364;0.666666667;0.754097061;0.785806846;0.05650458;0.916167017;0.396782842;0.872327461;0.407506702;0.72693722
0.051861702;0.363636364;0.833333333;0.750376216;0.503812683;0.374538559;0.878862537;0.396782842;0.72693722;0.420911528;0.770010214
0.053191489;0.363636364;1;0.81782989;0.642303241;0.367171153;0.867066123;0.260053619;0.770010214;0.434316354;0.832247226
0.054521277;0.363636364;0;0.818630902;0.660399135;0.352196531;0.805603565;0.310991957;0.832247226;0.394101877;0.829337505
0.055851064;0.363636364;0.166666667;0.748151686;0.578238219;0.201158533;0.727084443;0.351206434;0.829337505;0.404825737;0.731493174
0.057180851;0.363636364;0.333333333;0.723283037;0.609005015;0.235207277;0.806417911;0.434316354;0.731493174;0.45308311;0.714917871
0.058510638;0.363636364;0.5;0.710379501;0.596877953;0.149998077;0.872327461;0.407506702;0.714917871;0.479892761;0.701732476
0.059840426;0.363636364;0.666666667;0.721140409;0.722167705;0.267713081;0.72693722;0.420911528;0.701732476;0.479892761;0.726691043
0.061170213;0.363636364;0.833333333;0.756051952;0.660515212;0.286113743;0.770010214;0.434316354;0.726691043;0.482573727;0.765561912
0.0625;0.363636364;1;0.831985856;0.595924132;0.327757851;0.832247226;0.394101877;0.765561912;0.495978552;0.838051173
0.063829787;0.363636364;0;0.856121164;0.648791576;0.327886728;0.829337505;0.404825737;0.838051173;0.487935657;0.866823556
0.065159574;0.363636364;0.166666667;0.802533118;0.77599072;0.146614631;0.731493174;0.45308311;0.866823556;0.466487936;0.801514469
0.066489362;0.363636364;0.333333333;0.808760562;0.752645899;0.218175319;0.714917871;0.479892761;0.801514469;0.490616622;0.823305288
0.067819149;0.363636364;0.5;0.8080789;0.68807951;0.276260528;0.701732476;0.479892761;0.823305288;0.509383378;0.812590776
0.069148936;0.363636364;0.666666667;0.846634911;0.774151111;0.428932921;0.726691043;0.482573727;0.812590776;0.538873995;0.869964993
0.070478723;0.363636364;0.833333333;0.87051914;0.759057574;0.360875656;0.765561912;0.495978552;0.869964993;0.595174263;0.880875811
0.071808511;0.363636364;1;0.85254669;0.688377097;0.470531258;0.838051173;0.487935657;0.880875811;0.581769437;0.877650971
0.073138298;0.363636364;0;0.876219808;0.689201994;0.464806561;0.866823556;0.466487936;0.877650971;0.560321716;0.833626266
0.074468085;0.363636364;0.166666667;0.808065654;0.726691882;0.579129268;0.801514469;0.490616622;0.833626266;0.530831099;0.824235823
0.075797872;0.363636364;0.333333333;0.817554815;0.826987149;0.080215872;0.823305288;0.509383378;0.824235823;0.525469169;0.809812323
0.07712766;0.363636364;0.5;0.798060639;0.735786445;0.325718937;0.812590776;0.538873995;0.809812323;0.45844504;0.816248703
0.078457447;0.363636364;0.666666667;0.848101158;0.709140457;0.432047678;0.869964993;0.595174263;0.816248703;0.522788204;0.859017841
0.079787234;0.363636364;0.833333333;0.852122484;0.678249597;0.322290457;0.880875811;0.581769437;0.859017841;0.557640751;0.857540793
0.081117021;0.454545455;1;0.902218064;0.728564526;0.263622074;0.877650971;0.560321716;0.857540793;0.632707775;0.913002417
0.082446809;0.454545455;0;0.905927513;0.789808201;0.184164852;0.833626266;0.530831099;0.913002417;0.715817694;0.917311476
0.083776596;0.454545455;0.166666667;0.85503262;0.731007286;0.418688004;0.824235823;0.525469169;0.917311476;0.790884718;0.861088654
0.085106383;0.454545455;0.333333333;0.857561148;0.756478495;0.363117237;0.809812323;0.45844504;0.861088654;0.592493298;0.870957362
0.08643617;0.454545455;0.5;0.833192271;0.834649391;0.202193843;0.816248703;0.522788204;0.870957362;0.643431635;0.861580883
0.087765957;0.454545455;0.666666667;0.853836381;0.740971465;0.35162171;0.859017841;0.557640751;0.861580883;0.428954424;0.866912956
0.089095745;0.454545455;0.833333333;0.842562722;0.802789042;0.3086843;0.857540793;0.632707775;0.866912956;0.522788204;0.865171873
0.090425532;0.454545455;1;0.879536662;0.849450465;0.181032609;0.913002417;0.715817694;0.865171873;0.477211796;0.889023746
0.091755319;0.454545455;0;0.861806092;0.697062187;0.308836948;0.917311476;0.790884718;0.889023746;0.514745308;0.872466548
0.093085106;0.454545455;0.166666667;0.860012843;0.744078023;0.201357297;0.861088654;0.592493298;0.872466548;0.536193029;0.876695708
0.094414894;0.454545455;0.333333333;0.812610884;0.796683103;0;0.870957362;0.643431635;0.876695708;0.482573727;0.79967266
0.095744681;0.454545455;0.5;0.809925002;0.711393096;0.36597676;0.861580883;0.428954424;0.79967266;0.450402145;0.820694478
0.097074468;0.454545455;0.666666667;0.829607171;0.715884744;0.368634904;0.866912956;0.522788204;0.820694478;0.44772118;0.835149302
0.098404255;0.454545455;0.833333333;0.833257941;0.693080915;0.391726883;0.865171873;0.477211796;0.835149302;0.504021448;0.839777357
0.10106383;0.454545455;0;0.89996436;0.707855395;0.311312464;0.872466548;0.536193029;0.897037635;0.573726542;0.892021066
0.102393617;0.454545455;0.166666667;0.849119838;0.704797648;0.239022397;0.876695708;0.482573727;0.892021066;0.576407507;0.83270116
0.103723404;0.454545455;0.333333333;0.89166295;0.723475217;0.318207801;0.79967266;0.450402145;0.83270116;0.672922252;0.884978089
0.106382979;0.454545455;0.666666667;0.853553462;0.761442866;0.34954473;0.835149302;0.504021448;0.86349319;0.659517426;0.869110529
0.107712766;0.454545455;0.833333333;0.87074182;0.734338936;0.291584957;0.839777357;0.605898123;0.869110529;0.55227882;0.885763207
0.109042553;0.454545455;1;0.875493882;0.744533953;0.383737682;0.897037635;0.573726542;0.885763207;0.573726542;0.881210647
0.11037234;0.454545455;0;0.875474729;0.752157958;0.385214281;0.892021066;0.576407507;0.881210647;0.646112601;0.886793439
0.111702128;0.454545455;0.166666667;0.860801447;0.790837439;0.373484132;0.83270116;0.672922252;0.886793439;0.747989276;0.874969301
0.113031915;0.454545455;0.333333333;0.85272273;0.640116819;0.16980417;0.884978089;0.73458445;0.874969301;0.815013405;0.817546613
0.114361702;0.454545455;0.5;0.872342352;0.697418913;0.472886624;0.86349319;0.659517426;0.817546613;0.81769437;0.883301696
0.115691489;0.454545455;0.666666667;0.877149919;0.704406384;0.562541854;0.869110529;0.55227882;0.883301696;0.8230563;0.886591794
0.117021277;0.454545455;0.833333333;0.876895655;0.702613923;0.525653927;0.885763207;0.573726542;0.886591794;0.790884718;0.885670194
0.118351064;0.454545455;1;0.925189941;0.74900847;0.427213483;0.881210647;0.646112601;0.885670194;0.806970509;0.936483094
0.119680851;0.454545455;0;0.924510943;0.746961813;0.467763279;0.886793439;0.747989276;0.936483094;0.871313673;0.933237157
0.121010638;0.545454545;0.166666667;0.909979715;0.674104648;0.566443894;0.874969301;0.815013405;0.933237157;0.699731903;0.913296967
0.122340426;0.545454545;0.333333333;0.915230594;0.731219193;0.440961996;0.817546613;0.81769437;0.913296967;0.616621984;0.920937316
0.123670213;0.545454545;0.5;0.910815181;0.701517091;0.374151138;0.883301696;0.8230563;0.920937316;0.648793566;0.914155812
0.125;0.545454545;0.666666667;0.917896865;0.665646404;0.41852044;0.886591794;0.790884718;0.914155812;0.646112601;0.917461833
0.126329787;0.545454545;0.833333333;0.910818808;0.764056271;0.409901989;0.885670194;0.806970509;0.917461833;0.691689008;0.91721443
0.127659574;0.545454545;1;0.922543537;0.7907283;0.35587817;0.936483094;0.871313673;0.91721443;0.769436997;0.913599986
0.128989362;0.545454545;0;0.922890005;0.774370023;0.373773845;0.933237157;0.699731903;0.913599986;0.769436997;0.917626171
0.130319149;0.545454545;0.166666667;0.89731023;0.78952354;0.292862633;0.913296967;0.616621984;0.917626171;0.659517426;0.893118925
0.131648936;0.545454545;0.333333333;0.900478959;0.777564296;0.386596637;0.920937316;0.648793566;0.893118925;0.605898123;0.905016898
0.132978723;0.545454545;0.5;0.875066161;0.883689269;0.335002582;0.914155812;0.646112601;0.905016898;0.63538874;0.888681147
0.134308511;0.545454545;0.666666667;0.872527067;0.77334132;0.311542281;0.917461833;0.691689008;0.888681147;0.707774799;0.879917806
0.135638298;0.545454545;0.833333333;0.888251829;0.746131741;0.319280698;0.91721443;0.769436997;0.879917806;0.72922252;0.888634829
0.136968085;0.545454545;1;0.896220108;0.739272616;0.405163954;0.913599986;0.769436997;0.888634829;0.670241287;0.898800597
0.138297872;0.545454545;0;0.894534384;0.743076496;0.530896352;0.917626171;0.659517426;0.898800597;0.646112601;0.905414643
0.13962766;0.545454545;0.166666667;0.878000505;0.77240636;0.30622535;0.893118925;0.605898123;0.905414643;0.568364611;0.869679111
0.140957447;0.545454545;0.333333333;0.790769674;0.91262423;0.413319794;0.905016898;0.63538874;0.869679111;0.603217158;0.833547218
0.142287234;0.545454545;0.5;0.784658087;0.829543273;0.352636068;0.888681147;0.707774799;0.833547218;0.651474531;0.792006652
0.143617021;0.545454545;0.666666667;0.871237433;0.83233145;0.295051481;0.879917806;0.72922252;0.792006652;0.713136729;0.863386428
0.144946809;0.545454545;0.833333333;0.847251276;0.824359486;0.393507741;0.888634829;0.670241287;0.863386428;0.659517426;0.867345278
0.146276596;0.545454545;1;0.896786998;0.755085774;0.334511749;0.898800597;0.646112601;0.867345278;0.715817694;0.909567482
0.147606383;0.545454545;0;0.8985577;0.751283421;0.358430229;0.905414643;0.568364611;0.909567482;0.691689008;0.898961712
0.14893617;0.545454545;0.166666667;0.820399552;0.812766248;0.371323176;0.869679111;0.603217158;0.898961712;0.686327078;0.840576941
0.150265957;0.545454545;0.333333333;0.878492919;0.912627558;0.382031324;0.833547218;0.651474531;0.840576941;0.796246649;0.919089644
0.151595745;0.545454545;0.5;0.888947021;0.704918383;0.308703092;0.792006652;0.713136729;0.919089644;0.90616622;0.892459924
0.152925532;0.545454545;0.666666667;0.887120393;0.792904643;0.364386547;0.863386428;0.659517426;0.892459924;0.946380697;0.88925979
0.154255319;0.545454545;0.833333333;0.878704404;0.763458065;0.266258128;0.867345278;0.715817694;0.88925979;1;0.879421512
0.155585106;0.545454545;1;0.879468615;0.702454394;0.326786443;0.909567482;0.691689008;0.879421512;0.715817694;0.873539203
0.156914894;0.545454545;0;0.885670188;0.70616635;0.429694582;0.898961712;0.686327078;0.873539203;0.595174263;0.889656477
0.158244681;0.545454545;0.166666667;0.86562577;0.749628651;0.272702302;0.840576941;0.796246649;0.889656477;0.624664879;0.880809796
0.159574468;0.545454545;0.333333333;0.863664595;0.758766462;0.330895615;0.919089644;0.90616622;0.880809796;0.715817694;0.878576651
0.160904255;0.545454545;0.5;0.861983864;0.772150589;0.359982983;0.892459924;0.946380697;0.878576651;0.63538874;0.849835506
0.162234043;0.636363636;0.666666667;0.798500122;0.83062819;0.201011123;0.88925979;1;0.849835506;0.627345845;0.812350525
0.16356383;0.636363636;0.833333333;0.79979814;0.863477231;0.344572733;0.879421512;0.715817694;0.812350525;0.680965147;0.82595115
0.164893617;0.636363636;1;0.817422691;0.663539186;0.462052787;0.873539203;0.595174263;0.82595115;0.680965147;0.830610026
0.166223404;0.636363636;0;0.823877065;0.775750842;0.443219396;0.889656477;0.624664879;0.830610026;0.659517426;0.848077929
0.167553191;0.636363636;0.166666667;0.786469038;0.707059197;0.303329876;0.880809796;0.715817694;0.848077929;0.745308311;0.810302642
0.168882979;0.636363636;0.333333333;0.819817583;0.848986861;0.436048959;0.878576651;0.63538874;0.810302642;0.715817694;0.837652609
0.170212766;0.636363636;0.5;0.830210101;0.817171445;0.344912822;0.849835506;0.627345845;0.837652609;0.621983914;0.838720765
0.171542553;0.636363636;0.666666667;0.82759331;0.952842276;0.302621085;0.812350525;0.680965147;0.838720765;0.656836461;0.855042357
0.17287234;0.636363636;0.833333333;0.859009159;0.751972575;0.521446478;0.82595115;0.680965147;0.855042357;0.745308311;0.891756076
0.174202128;0.636363636;1;0.858393683;0.734573791;0.40233814;0.830610026;0.659517426;0.891756076;0.662198391;0.868396764
0.175531915;0.636363636;0;0.839283764;0.73810408;0.451771501;0.848077929;0.745308311;0.868396764;0.654155496;0.854785518
0.176861702;0.636363636;0.166666667;0.829612748;0.76973412;0.415102002;0.810302642;0.715817694;0.854785518;0.573726542;0.848713143
0.178191489;0.636363636;0.333333333;0.825185986;0.819917855;0.341383213;0.837652609;0.621983914;0.848713143;0.544235925;0.831372261
0.179521277;0.636363636;0.5;0.84818464;0.949319004;0.480188026;0.838720765;0.656836461;0.831372261;0.544235925;0.89160363
0.180851064;0.636363636;0.666666667;0.861565201;0.879669075;0.453943048;0.855042357;0.745308311;0.89160363;0.627345845;0.892506012
0.182180851;0.636363636;0.833333333;0.85337983;0.846145214;0.334682008;0.891756076;0.662198391;0.892506012;0.608579088;0.853641527
0.183510638;0.636363636;1;0.860959547;0.830594658;0.359717403;0.868396764;0.654155496;0.853641527;0.63538874;0.877931605
0.184840426;0.636363636;0;0.867178935;0.792755047;0.37806235;0.854785518;0.573726542;0.877931605;0.595174263;0.884956262
0.186170213;0.636363636;0.166666667;0.820148495;0.844071742;0.367658923;0.848713143;0.544235925;0.884956262;0.597855228;0.841320099
0.1875;0.636363636;0.333333333;0.838988766;0.875308358;0.374269511;0.831372261;0.544235925;0.841320099;0.595174263;0.857377101
0.188829787;0.636363636;0.5;0.840938797;0.890119408;0.404749235;0.89160363;0.627345845;0.857377101;0.587131367;0.858535322
0.190159574;0.636363636;0.666666667;0.829777747;0.942036585;0.46154903;0.892506012;0.608579088;0.858535322;0.605898123;0.878848678
0.191489362;0.636363636;0.833333333;0.814350272;0.82081585;0.342096899;0.853641527;0.63538874;0.878848678;0.643431635;0.829422476
0.192819149;0.636363636;1;0.804827681;0.72197689;0.42323209;0.877931605;0.595174263;0.829422476;0.694369973;0.822212084
0.194148936;0.636363636;0;0.785611263;0.723537335;0.500759651;0.884956262;0.597855228;0.822212084;0.737265416;0.817639548
0.195478723;0.636363636;0.166666667;0.781398388;0.696270367;0.394750025;0.841320099;0.595174263;0.817639548;0.780160858;0.774518907
0.196808511;0.636363636;0.333333333;0.735840615;0.710428927;0.404250111;0.857377101;0.587131367;0.774518907;0.793565684;0.733467163
0.198138298;0.636363636;0.5;0.691491405;0.67527612;0.472564267;0.858535322;0.605898123;0.733467163;0.772117962;0.716970299
0.199468085;0.636363636;0.666666667;0.682571441;0.809835828;0.417834038;0.878848678;0.643431635;0.716970299;0.726541555;0.699945025
0.200797872;0.636363636;0.833333333;0.742679597;0.686936357;0.400333875;0.829422476;0.694369973;0.699945025;0.619302949;0.716860653
0.20212766;0.636363636;1;0.759798672;0.710345452;0.482243969;0.822212084;0.737265416;0.716860653;0.667560322;0.781203015
0.203457447;0.727272727;0;0.757940784;0.801771932;0.43699217;0.817639548;0.780160858;0.781203015;0.697050938;0.786428631
0.204787234;0.727272727;0.166666667;0.733668381;0.65574984;0.382107411;0.774518907;0.793565684;0.786428631;0.568364611;0.734445819
0.206117021;0.727272727;0.333333333;0.726323;0.65574984;0.531189298;0.733467163;0.772117962;0.734445819;0.565683646;0.73587841
0.207446809;0.727272727;0.5;0.732174863;0.661410999;0.480215967;0.716970299;0.726541555;0.73587841;0.581769437;0.743839107
0.208776596;0.727272727;0.666666667;0.731815544;0.659575646;0.453260594;0.699945025;0.619302949;0.743839107;0.557640751;0.739351674
0.210106383;0.727272727;0.833333333;0.710453419;0.657313197;0.412139325;0.716860653;0.667560322;0.739351674;0.490616622;0.714160657
0.21143617;0.727272727;1;0.683545613;0.679105248;0.386821575;0.781203015;0.697050938;0.714160657;0.536193029;0.690928331
0.212765957;0.727272727;0;0.695516699;0.659010412;0.472180648;0.786428631;0.568364611;0.690928331;0.506702413;0.702694236
0.214095745;0.727272727;0.166666667;0.70316626;0.655178862;0.445136334;0.734445819;0.565683646;0.702694236;0.461126005;0.694770384
0.215425532;0.727272727;0.333333333;0.740592885;0.658865988;0.37669343;0.73587841;0.581769437;0.694770384;0.498659517;0.745153568
0.216755319;0.727272727;0.5;0.762207677;0.658857653;0.388227403;0.743839107;0.557640751;0.745153568;0.563002681;0.762641944
0.218085106;0.727272727;0.666666667;0.788576592;0.658868359;0.339516675;0.739351674;0.490616622;0.762641944;0.608579088;0.789074307
0.219414894;0.727272727;0.833333333;0.780939702;0.654985113;0.376471342;0.714160657;0.536193029;0.789074307;0.627345845;0.758819902
0.220744681;0.727272727;1;0.816358617;0.669095072;0.497674394;0.690928331;0.506702413;0.758819902;0.597855228;0.838447064
0.222074468;0.727272727;0;0.819782939;0.669095072;0.52750615;0.702694236;0.461126005;0.838447064;0.613941019;0.837333387
0.223404255;0.727272727;0.166666667;0.736643958;0.654985113;0.430262369;0.694770384;0.498659517;0.837333387;0.643431635;0.744858123
0.224734043;0.727272727;0.333333333;0.73234735;0.65498511;0.479606126;0.745153568;0.563002681;0.744858123;0.638069705;0.749548461
0.22606383;0.727272727;0.5;0.665982568;0.65498511;0.488491246;0.762641944;0.608579088;0.749548461;0.55227882;0.725227964
0.227393617;0.727272727;0.666666667;0.688625478;0.65498511;0.424911663;0.789074307;0.627345845;0.725227964;0.493297587;0.702642534
0.228723404;0.727272727;0.833333333;0.700888126;0.65498511;0.344689488;0.758819902;0.597855228;0.702642534;0.493297587;0.701556954
0.230053191;0.727272727;1;0.754685931;0.65498511;0.426357609;0.838447064;0.613941019;0.701556954;0.55227882;0.765555577
0.231382979;0.727272727;0;0.755663693;0.65498511;0.486639899;0.837333387;0.643431635;0.765555577;0.651474531;0.76545997
0.232712766;0.727272727;0.166666667;0.687590996;0.65498511;0.372852119;0.744858123;0.638069705;0.76545997;0.533512064;0.689002501
0.234042553;0.727272727;0.333333333;0.694455396;0.65498511;0.418626008;0.749548461;0.55227882;0.689002501;0.563002681;0.70494267
0.23537234;0.727272727;0.5;0.603908528;0.65498511;0.453579311;0.725227964;0.493297587;0.70494267;0.514745308;0.598653491
0.236702128;0.727272727;0.666666667;0.628649985;0.65498511;0.372970742;0.702642534;0.493297587;0.598653491;0.530831099;0.631374021
0.238031915;0.727272727;0.833333333;0.679587582;0.65498511;0.466939987;0.701556954;0.55227882;0.631374021;0.568364611;0.690648473
0.239361702;0.727272727;1;0.721526259;0.658941152;0.467048123;0.765555577;0.651474531;0.690648473;0.522788204;0.731055673
0.240691489;0.727272727;0;0.738840682;0.674244147;0.490935999;0.76545997;0.533512064;0.731055673;0.517426273;0.755734964
0.242021277;0.727272727;0.166666667;0.709398206;0.858186575;0.465679211;0.689002501;0.563002681;0.755734964;0.514745308;0.741536766
0.243351064;0.818181818;0.333333333;0.720300845;0.679762378;0.542174211;0.70494267;0.514745308;0.741536766;0.522788204;0.739378466
0.244680851;0.818181818;0.5;0.739571107;0.692454074;0.44442001;0.598653491;0.530831099;0.739378466;0.544235925;0.750012711
0.246010638;0.818181818;0.666666667;0.700181;0.680680054;0.414581501;0.631374021;0.568364611;0.750012711;0.407506702;0.711938199
0.247340426;0.818181818;0.833333333;0.744795418;0.680985946;0.416412405;0.690648473;0.522788204;0.711938199;0.378016086;0.73131377
0.248670213;0.818181818;1;0.761388634;0.688633251;0.41188223;0.731055673;0.517426273;0.73131377;0.485254692;0.762284791
0.25;0.818181818;0;0.766224581;0.731855779;0.547359341;0.755734964;0.514745308;0.762284791;0.490616622;0.790498887
0.251329787;0.818181818;0.166666667;0.714091835;0.673578088;0.324780848;0.741536766;0.522788204;0.790498887;0.482573727;0.705680533
0.252659574;0.818181818;0.333333333;0.647879627;0.609145074;0.461490951;0.739378466;0.544235925;0.705680533;0.471849866;0.638922523
0.253989362;0.818181818;0.5;0.597563664;0.592524116;0.515334159;0.750012711;0.407506702;0.638922523;0.45308311;0.601992013
0.255319149;0.818181818;0.666666667;0.641803925;0.65498511;0.299887409;0.711938199;0.378016086;0.601992013;0.428954424;0.645742387
0.256648936;0.818181818;0.833333333;0.71845499;0.65498511;0.247227924;0.73131377;0.485254692;0.645742387;0.45308311;0.6858378
0.257978723;0.818181818;1;0.79881211;0.78852943;0.285253836;0.762284791;0.490616622;0.6858378;0.485254692;0.811527377
0.259308511;0.818181818;0;0.821429518;1;0.420142485;0.790498887;0.482573727;0.811527377;0.517426273;0.873242839
0.260638298;0.818181818;0.166666667;0.706300959;0.70498281;0.383216699;0.705680533;0.471849866;0.873242839;0.600536193;0.725440599
0.261968085;0.818181818;0.333333333;0.681015529;0.685574329;0.364816473;0.638922523;0.45308311;0.725440599;0.573726542;0.692311455
0.263297872;0.818181818;0.5;0.691468317;0.65498511;0.490083458;0.601992013;0.428954424;0.692311455;0.455764075;0.703354674
0.26462766;0.818181818;0.666666667;0.690558281;0.65498511;0.348765674;0.645742387;0.45308311;0.703354674;0.466487936;0.692272194
0.265957447;0.818181818;0.833333333;0.678197276;0.65498511;0.424624291;0.6858378;0.485254692;0.692272194;0.477211796;0.675815094
0.267287234;0.818181818;1;0.686530274;0.65498511;0.426474906;0.811527377;0.517426273;0.675815094;0.45308311;0.702134159
0.268617021;0.818181818;0;0.69454519;0.705690357;0.38986153;0.873242839;0.600536193;0.702134159;0.431635389;0.712067974
0.269946809;0.818181818;0.166666667;0.680730496;0.65498511;0.30530237;0.725440599;0.573726542;0.712067974;0.394101877;0.678149807
0.271276596;0.818181818;0.333333333;0.651726102;0.65498511;0.30942935;0.692311455;0.455764075;0.678149807;0.388739946;0.655748786
0.272606383;0.818181818;0.5;0.659707332;0.65498511;0.344169916;0.703354674;0.466487936;0.655748786;0.391420912;0.670349091
0.27393617;0.818181818;0.666666667;0.673781985;0.65498511;0.346161513;0.692272194;0.477211796;0.670349091;0.442359249;0.678722877
0.275265957;0.818181818;0.833333333;0.685575021;0.65498511;0.290755262;0.675815094;0.45308311;0.678722877;0.45308311;0.68240235
0.276595745;0.818181818;1;0.725583407;0.685212945;0.494948015;0.702134159;0.431635389;0.68240235;0.44772118;0.755444571
0.277925532;0.818181818;0;0.71829018;0.676741726;0.315567532;0.712067974;0.394101877;0.755444571;0.501340483;0.728862657
0.279255319;0.818181818;0.166666667;0.64024619;0.65498511;0.207929218;0.678149807;0.388739946;0.728862657;0.345844504;0.638773974
0.280585106;0.818181818;0.333333333;0.611661072;0.65498511;0.219126516;0.655748786;0.391420912;0.638773974;0.353887399;0.602612379
0.281914894;0.818181818;0.5;0.605074652;0.65498511;0.462742262;0.670349091;0.442359249;0.602612379;0.351206434;0.620981666
0.283244681;0.818181818;0.666666667;0.626264479;0.65498511;0.37418882;0.678722877;0.45308311;0.620981666;0.345844504;0.626445495
0.284574468;0.909090909;0.833333333;0.643839151;0.65498511;0.431741836;0.68240235;0.44772118;0.626445495;0.386058981;0.665343846
0.285904255;0.909090909;1;0.710252904;0.822766981;0.421953465;0.755444571;0.501340483;0.665343846;0.477211796;0.733326205
0.287234043;0.909090909;0;0.71562108;0.663906098;0.485373281;0.728862657;0.345844504;0.733326205;0.426273458;0.721527184
0.28856383;0.909090909;0.166666667;0.665419611;0.65498511;0.426211192;0.638773974;0.353887399;0.721527184;0.396782842;0.681330925
0.289893617;0.909090909;0.333333333;0.617311227;0.65498511;0.516188677;0.602612379;0.351206434;0.681330925;0.378016086;0.631884502
0.291223404;0.909090909;0.5;0.607815941;0.65498511;0.550889872;0.620981666;0.345844504;0.631884502;0.35924933;0.639788976
0.292553191;0.909090909;0.666666667;0.655388931;0.65498511;0.304249498;0.626445495;0.386058981;0.639788976;0.36461126;0.658796065
0.293882979;0.909090909;0.833333333;0.593983508;0.65498511;0.423512581;0.665343846;0.477211796;0.658796065;0.305630027;0.600235516
0.295212766;0.909090909;1;0.636696303;0.65498511;0.53445658;0.733326205;0.426273458;0.600235516;0.273458445;0.652319758
0.296542553;0.909090909;0;0.617999602;0.659172774;0.604053512;0.721527184;0.396782842;0.652319758;0.26541555;0.638939923
0.29787234;0.909090909;0.166666667;0.594214299;0.65498511;0.376838434;0.681330925;0.378016086;0.638939923;0.254691689;0.596412267
0.299202128;0.909090909;0.333333333;0.548557979;0.65498511;0.416284433;0.631884502;0.35924933;0.596412267;0.254691689;0.54881943
0.300531915;0.909090909;0.5;0.533272129;0.65498511;0.403934525;0.639788976;0.36461126;0.54881943;0.235924933;0.548299565
0.301861702;0.909090909;0.666666667;0.463474696;0.65498511;0.458361777;0.658796065;0.305630027;0.548299565;0.286863271;0.477133858
0.303191489;0.909090909;0.833333333;0.489691371;0.65498511;0.41472266;0.600235516;0.273458445;0.477133858;0.249329759;0.497596495
0.304521277;0.909090909;1;0.495682712;0.65498511;0.414919894;0.652319758;0.26541555;0.497596495;0.174262735;0.505672275
0.305851064;0.909090909;0;0.490595405;0.65498511;0.443767992;0.638939923;0.254691689;0.505672275;0.243967828;0.510794738
0.307180851;0.909090909;0.166666667;0.398808247;0.65498511;0.596095609;0.596412267;0.254691689;0.510794738;0.27077748;0.436583969
0.308510638;0.909090909;0.333333333;0.477799477;0.65498511;0.384288165;0.54881943;0.235924933;0.436583969;0.27613941;0.438306294
0.309840426;0.909090909;0.5;0.371191456;0.58804523;0.409528609;0.548299565;0.286863271;0.438306294;0.241286863;0.34956925
0.311170213;0.909090909;0.666666667;0.370447956;0.581570982;0.450204911;0.477133858;0.249329759;0.34956925;0.18230563;0.341815658
0.3125;0.909090909;0.833333333;0.40102853;0.608507222;0.41992845;0.497596495;0.174262735;0.341815658;0.27613941;0.420402961
0.313829787;0.909090909;1;0.583884373;0.684105609;0.525948721;0.505672275;0.243967828;0.420402961;0.335120643;0.615560266
0.315159574;0.909090909;0;0.591364818;0.755168693;0.509967187;0.510794738;0.27077748;0.615560266;0.343163539;0.617756436
0.316489362;0.909090909;0.166666667;0.542573623;0.760558125;0.512032431;0.436583969;0.27613941;0.617756436;0.337801609;0.563194246
0.317819149;0.909090909;0.333333333;0.570068;0.677187102;0.382619197;0.438306294;0.241286863;0.563194246;0.372654155;0.59335459
0.319148936;0.909090909;0.5;0.651938342;0.912736435;0.453928085;0.34956925;0.18230563;0.59335459;0.396782842;0.676071745
0.320478723;0.909090909;0.666666667;0.677360669;0.735083199;0.421140353;0.341815658;0.27613941;0.676071745;0.391420912;0.695277612
0.321808511;0.909090909;0.833333333;0.62306259;0.64108572;0.409350549;0.420402961;0.335120643;0.695277612;0.383378016;0.631445666
0.323138298;0.909090909;1;0.623670361;0.677481064;0.500363802;0.615560266;0.343163539;0.631445666;0.313672922;0.642294123
0.324468085;1;0;0.579355522;0.662759705;0.447731156;0.617756436;0.337801609;0.642294123;0.254691689;0.594914433
0.325797872;1;0.166666667;0.454364446;0.65498511;0.459537996;0.563194246;0.372654155;0.594914433;0.174262735;0.46955701
0.32712766;1;0.333333333;0.355392185;0.65498511;0.348671306;0.59335459;0.396782842;0.46955701;0.206434316;0.359586524
0.328457447;1;0.5;0.373274044;0.61563563;0.35654238;0.676071745;0.391420912;0.359586524;0.190348525;0.388375221
0.329787234;1;0.666666667;0.414701209;0.542151902;0.469326064;0.695277612;0.383378016;0.388375221;0.155495979;0.39848109
0.331117021;1;0.833333333;0.509766453;0.612923831;0.531967095;0.631445666;0.313672922;0.39848109;0.09919571;0.504751488
0.332446809;1;1;0.650551635;0.697828417;0.471739843;0.642294123;0.254691689;0.504751488;0.254691689;0.669569816
0.333776596;1;0;0.694710259;0.793090253;0.48565128;0.594914433;0.174262735;0.669569816;0.367292225;0.734894588
0.335106383;1;0.166666667;0.543994882;0.64932681;0.337196707;0.46955701;0.206434316;0.734894588;0.353887399;0.525070534
0.33643617;1;0.333333333;0.495378681;0.656129853;0.319432919;0.359586524;0.190348525;0.525070534;0.278820375;0.465846533
0.337765957;1;0.5;0.454501099;0.647736171;0.319456798;0.388375221;0.155495979;0.465846533;0.238605898;0.436261987
0.339095745;1;0.666666667;0.392623331;0.600415752;0.511317937;0.39848109;0.09919571;0.436261987;0.26541555;0.411481222
0.340425532;1;0.833333333;0.520628895;0.698177088;0.477484848;0.504751488;0.254691689;0.411481222;0.241286863;0.541842857
0.341755319;1;1;0.68793983;0.696907247;0.418151358;0.669569816;0.367292225;0.541842857;0.310991957;0.700351791
0.343085106;1;0;0.693541703;0.720799893;0.45244895;0.734894588;0.353887399;0.700351791;0.351206434;0.707482314
0.344414894;1;0.166666667;0.610959573;0.655382769;0.322413831;0.525070534;0.278820375;0.707482314;0.335120643;0.604830736
0.345744681;1;0.333333333;0.58687133;0.589306996;0.276007632;0.465846533;0.238605898;0.604830736;0.345844504;0.565287577
0.347074468;1;0.5;0.542995189;0.655382769;0.414172548;0.436261987;0.26541555;0.565287577;0.380697051;0.562665658
0.348404255;1;0.666666667;0.644049571;0.771859263;0.342363137;0.411481222;0.241286863;0.562665658;0.327077748;0.669220178
0.349734043;1;0.833333333;0.609529695;0.603662302;0.40550743;0.541842857;0.310991957;0.669220178;0.428954424;0.629819018
0.35106383;1;1;0.665244376;0.756487155;0.360374585;0.700351791;0.351206434;0.629819018;0.353887399;0.683589547
0.352393617;1;0;0.667108333;0.825019693;0.385149208;0.707482314;0.335120643;0.683589547;0.332439678;0.692407098
0.353723404;1;0.166666667;0.567604222;0.674684809;0.392683652;0.604830736;0.345844504;0.692407098;0.337801609;0.578214587
0.355053191;1;0.333333333;0.644048714;0.685583326;0.308463171;0.565287577;0.380697051;0.578214587;0.340482574;0.676539414
0.356382979;1;0.5;0.645246593;0.659573493;0.414387712;0.562665658;0.327077748;0.676539414;0.394101877;0.659400479
0.357712766;1;0.666666667;0.611837554;0.65498511;0.350630312;0.669220178;0.428954424;0.659400479;0.292225201;0.625055821
0.359042553;1;0.833333333;0.574417232;0.724071621;0.184797788;0.629819018;0.353887399;0.625055821;0.321715818;0.586537554
0.36037234;1;1;0.566165015;0.719017707;0.566428318;0.683589547;0.332439678;0.586537554;0.340482574;0.61589051
0.361702128;1;0;0.55524;0.685574329;0.352735663;0.692407098;0.337801609;0.61589051;0.249329759;0.541538105
0.363031915;1;0.166666667;0.482441871;0.672929679;0.481468607;0.578214587;0.340482574;0.541538105;0.160857909;0.479389749
0.364361702;1;0.333333333;0.400206353;0.692265103;0.522029675;0.676539414;0.394101877;0.479389749;0.163538874;0.446791143
0.365691489;0;0.5;0.340810636;0.654931606;0.456583229;0.659400479;0.292225201;0.446791143;0.134048257;0.349052626
0.367021277;0;0.666666667;0.251153437;0.586594808;0.562543289;0.625055821;0.321715818;0.349052626;0.179624665;0.274790198
0.368351064;0;0.833333333;0.281221797;0.353645633;0.585042499;0.586537554;0.340482574;0.274790198;0.308310992;0.308030212
0.369680851;0;1;0.332191362;0.667083397;0.510545884;0.61589051;0.249329759;0.308030212;0.343163539;0.368112305
0.371010638;0;0;0.333448617;0.587688826;0.483011291;0.541538105;0.160857909;0.368112305;0.289544236;0.351102907
0.372340426;0;0.166666667;0.237634541;0.63989222;0.422902833;0.479389749;0.163538874;0.351102907;0.27613941;0.238162738
0.373670213;0;0.333333333;0.246443133;0.452490537;0.520226214;0.446791143;0.134048257;0.238162738;0.238605898;0.245342465
0.375;0;0.5;0.314087895;0.663338053;0.49718626;0.349052626;0.179624665;0.245342465;0.324396783;0.336057835
0.376329787;0;0.666666667;0.305103511;0.335310005;0.251132202;0.274790198;0.308310992;0.336057835;0.407506702;0.305213589
0.377659574;0;0.833333333;0.293870586;0.459983195;0.549158657;0.308030212;0.343163539;0.305213589;0.388739946;0.313689846
0.378989362;0;1;0.347826816;0.685579156;0.27277248;0.368112305;0.289544236;0.313689846;0.292225201;0.350415471
0.380319149;0;0;0.366344808;0.654991227;0.685518643;0.351102907;0.27613941;0.350415471;0.233243968;0.405960653
0.381648936;0;0.166666667;0.296033042;0.513295843;0.798134706;0.238162738;0.238605898;0.405960653;0.300268097;0.337946805
0.382978723;0;0.333333333;0.180317071;0.239318619;0.466681806;0.245342465;0.324396783;0.337946805;0.329758713;0.171118903
0.384308511;0;0.5;0.247168266;0.331548672;0.538969196;0.336057835;0.407506702;0.171118903;0.375335121;0.244981513
0.385638298;0;0.666666667;0.23079945;0.44603589;0.35990633;0.305213589;0.388739946;0.244981513;0.340482574;0.232443277
0.386968085;0;0.833333333;0.221480355;0.514586335;0.375858721;0.313689846;0.292225201;0.232443277;0.361930295;0.237104891
0.388297872;0;1;0.205461281;0.552289726;0.410549695;0.350415471;0.233243968;0.237104891;0.294906166;0.206441258
0.38962766;0;0;0.16714586;0.409600082;0.470614469;0.405960653;0.300268097;0.206441258;0.230563003;0.168253128
0.390957447;0;0.166666667;0.124125297;0.516070912;0.300101866;0.337946805;0.329758713;0.168253128;0.222520107;0.081970793
0.392287234;0;0.333333333;0.03752643;0.514532247;0.236372428;0.171118903;0.375335121;0.081970793;0.174262735;0.005986385
0.393617021;0;0.5;0;0.626492151;0.11994404;0.244981513;0.340482574;0.005986385;0.147453083;0.001479916
0.394946809;0;0.666666667;0.032178485;0.627790195;0.167307822;0.232443277;0.361930295;0.001479916;0.109919571;0
0.396276596;0;0.833333333;0.109175909;0.600258689;0.250843648;0.237104891;0.294906166;0;0.123324397;0.083632402
0.397606383;0;1;0.206557154;0.498980853;0.743221366;0.206441258;0.230563003;0.083632402;0.115281501;0.22808976
0.39893617;0;0;0.278729057;0.604726498;0.634952066;0.168253128;0.222520107;0.22808976;0.193029491;0.327615571
0.400265957;0;0.166666667;0.2463625;0.621198337;0.680506828;0.081970793;0.174262735;0.327615571;0.278820375;0.276835252
0.401595745;0;0.333333333;0.224740596;0.646069429;0.223574844;0.005986385;0.147453083;0.276835252;0.316353887;0.207526009
0.402925532;0;0.5;0.183315329;0.555176226;0.435474698;0.001479916;0.109919571;0.207526009;0.262734584;0.194929773
0.404255319;0;0.666666667;0.298295795;0.643340546;0.343129126;0;0.123324397;0.194929773;0.273458445;0.320947065
0.405585106;0;0.833333333;0.380528547;0.711150025;0.475696915;0.083632402;0.115281501;0.320947065;0.36461126;0.421158743
0.406914894;0.090909091;1;0.475286051;0.731445682;0.42783421;0.22808976;0.193029491;0.421158743;0.423592493;0.505320806
0.408244681;0.090909091;0;0.486611948;0.722395574;0.43962274;0.327615571;0.278820375;0.505320806;0.420911528;0.51432204
0.409574468;0.090909091;0.166666667;0.409437748;0.506343895;0.293763056;0.276835252;0.316353887;0.51432204;0.445040214;0.407787963
0.410904255;0.090909091;0.333333333;0.345364363;0.59214187;0.423066154;0.207526009;0.262734584;0.407787963;0.378016086;0.351108796
0.412234043;0.090909091;0.5;0.260112955;0.422782629;0.636213228;0.194929773;0.273458445;0.351108796;0.297587131;0.292399372
0.41356383;0.090909091;0.666666667;0.149333832;0.500558305;0.524197438;0.320947065;0.36461126;0.292399372;0.27077748;0.203049026
0.414893617;0.090909091;0.833333333;0.280510747;0.509624201;0.523190792;0.421158743;0.423592493;0.203049026;0.252010724;0.316475464
0.416223404;0.090909091;1;0.385572245;0.63259009;0.455361228;0.505320806;0.420911528;0.316475464;0.297587131;0.411819793
0.417553191;0.090909091;0;0.469216471;0.616132065;0.535266809;0.51432204;0.445040214;0.411819793;0.327077748;0.503501721
0.418882979;0.090909091;0.166666667;0.407422653;0.664764116;0.496804549;0.407787963;0.378016086;0.503501721;0.394101877;0.413549454
0.420212766;0.090909091;0.333333333;0.28990102;0.598207865;0.475370833;0.351108796;0.297587131;0.413549454;0.343163539;0.287421633
0.421542553;0.090909091;0.5;0.234363973;0.596963242;0.389756024;0.292399372;0.27077748;0.287421633;0.246648794;0.243363899
0.42287234;0.090909091;0.666666667;0.270595896;0.382624193;0.538281202;0.203049026;0.252010724;0.243363899;0.26541555;0.28067855
0.424202128;0.090909091;0.833333333;0.295544844;0.490728726;0.47020391;0.316475464;0.297587131;0.28067855;0.348525469;0.304232319
0.425531915;0.090909091;1;0.45639817;0.645808344;0.409842799;0.411819793;0.327077748;0.304232319;0.343163539;0.471967172
0.426861702;0.090909091;0;0.483617516;0.661102954;0.476402886;0.503501721;0.394101877;0.471967172;0.402144772;0.498823086
0.428191489;0.090909091;0.166666667;0.406202826;0.635713901;0.414341292;0.413549454;0.343163539;0.498823086;0.439678284;0.417305921
0.429521277;0.090909091;0.333333333;0.432849177;0.308101585;0.315628914;0.287421633;0.246648794;0.417305921;0.313672922;0.403740154
0.430851064;0.090909091;0.5;0.30912809;0.639244206;0.610713233;0.243363899;0.26541555;0.403740154;0.302949062;0.34292391
0.432180851;0.090909091;0.666666667;0.387414078;0.647510582;0.430719641;0.28067855;0.348525469;0.34292391;0.302949062;0.405080633
0.433510638;0.090909091;0.833333333;0.344702744;0.827253376;0.413582809;0.304232319;0.343163539;0.405080633;0.302949062;0.388831428
0.434840426;0.090909091;1;0.448270409;0.684698092;0.366226764;0.471967172;0.402144772;0.388831428;0.273458445;0.439078132
0.436170213;0.090909091;0;0.484178706;0.681231511;0.427307737;0.498823086;0.439678284;0.439078132;0.372654155;0.484395498
0.4375;0.090909091;0.166666667;0.431078994;0.680679663;0.471069526;0.417305921;0.313672922;0.484395498;0.410187668;0.450096496
0.438829787;0.090909091;0.333333333;0.366814966;0.484225837;0.408737904;0.403740154;0.302949062;0.450096496;0.391420912;0.363140944
0.440159574;0.090909091;0.5;0.254523589;0;1;0.34292391;0.302949062;0.363140944;0.27613941;0.225147594
0.441489362;0.090909091;0.666666667;0.214787845;0.510879007;0.462223819;0.405080633;0.302949062;0.225147594;0.217158177;0.204283187
0.442819149;0.090909091;0.833333333;0.282159627;0.408755266;0.479001933;0.388831428;0.273458445;0.204283187;0.249329759;0.277806355
0.444148936;0.090909091;1;0.506884914;0.736608371;0.527016572;0.439078132;0.372654155;0.277806355;0.294906166;0.531239334
0.445478723;0.181818182;0;0.562730445;0.647584491;0.419152327;0.484395498;0.410187668;0.531239334;0.308310992;0.564823912
0.446808511;0.181818182;0.166666667;0.381318787;0.646996548;0.346312418;0.450096496;0.391420912;0.564823912;0.252010724;0.387177433
0.448138298;0.181818182;0.333333333;0.34966224;0.449263037;0.480022718;0.363140944;0.27613941;0.387177433;0.260053619;0.32472059
0.449468085;0.181818182;0.5;0.283753724;0.394743629;0.473745101;0.225147594;0.217158177;0.32472059;0.246648794;0.300158565
0.450797872;0.181818182;0.666666667;0.357070802;0.464107405;0.498305678;0.204283187;0.249329759;0.300158565;0.273458445;0.378240464
0.45212766;0.181818182;0.833333333;0.336408014;0.440977703;0.495478795;0.277806355;0.294906166;0.378240464;0.321715818;0.317957321
0.453457447;0.181818182;1;0.45879907;0.521972347;0.490796557;0.531239334;0.308310992;0.317957321;0.289544236;0.473041287
0.454787234;0.181818182;0;0.556130654;0.589196972;0.477182891;0.564823912;0.252010724;0.473041287;0.321715818;0.568691385
0.456117021;0.181818182;0.166666667;0.414712095;0.635860567;0.482338699;0.387177433;0.260053619;0.568691385;0.319034853;0.44376881
0.457446809;0.181818182;0.333333333;0.534255218;0.671648755;0.478870616;0.32472059;0.246648794;0.44376881;0.324396783;0.561056251
0.458776596;0.181818182;0.5;0.573522919;0.698738975;0.554109084;0.300158565;0.273458445;0.561056251;0.445040214;0.624994153
0.460106383;0.181818182;0.666666667;0.547662726;0.695531589;0.452497019;0.378240464;0.321715818;0.624994153;0.474530831;0.573146515
0.46143617;0.181818182;0.833333333;0.450510053;0.639690503;0.159936754;0.317957321;0.289544236;0.573146515;0.353887399;0.403485778
0.462765957;0.181818182;1;0.567646279;0.702321631;0.430195303;0.473041287;0.321715818;0.403485778;0.329758713;0.608298197
0.464095745;0.181818182;0;0.612110154;0.687713483;0.53024774;0.568691385;0.319034853;0.608298197;0.332439678;0.652531854
0.465425532;0.181818182;0.166666667;0.489209176;0.574886277;0.496146632;0.44376881;0.324396783;0.652531854;0.407506702;0.520814175
0.466755319;0.181818182;0.333333333;0.648615725;0.651262735;0.417562572;0.561056251;0.445040214;0.520814175;0.361930295;0.683480068
0.468085106;0.181818182;0.5;0.672347921;0.641818215;0.274101153;0.624994153;0.474530831;0.683480068;0.415549598;0.632109933
0.469414894;0.181818182;0.666666667;0.619137075;0.673989727;0.261930168;0.573146515;0.353887399;0.632109933;0.45308311;0.643337945
0.470744681;0.181818182;0.833333333;0.589173738;0.66653176;0.326105364;0.403485778;0.329758713;0.643337945;0.490616622;0.616924592
0.472074468;0.181818182;1;0.660180232;0.655533073;0.407761825;0.608298197;0.332439678;0.616924592;0.394101877;0.682330594
0.473404255;0.181818182;0;0.696457825;0.628626972;0.341460684;0.652531854;0.407506702;0.682330594;0.294906166;0.696314228
0.474734043;0.181818182;0.166666667;0.540484225;0.70442579;0.386981731;0.520814175;0.361930295;0.696314228;0.294906166;0.602416785
0.47606383;0.181818182;0.333333333;0.446300443;0.59380667;0.348832129;0.683480068;0.415549598;0.602416785;0.273458445;0.471643159
0.477393617;0.181818182;0.5;0.445475863;0.5965597;0.371703751;0.632109933;0.45308311;0.471643159;0.297587131;0.472886082
0.478723404;0.181818182;0.666666667;0.527247593;0.341171811;0.263114459;0.643337945;0.490616622;0.472886082;0.292225201;0.505102867
0.480053191;0.181818182;0.833333333;0.641889177;0.644745986;0.304637395;0.616924592;0.394101877;0.505102867;0.286863271;0.63696225
0.481382979;0.181818182;1;0.647712344;0.665825161;0.355780162;0.682330594;0.294906166;0.63696225;0.337801609;0.666014299
0.482712766;0.181818182;0;0.640342775;0.664467768;0.399933302;0.696314228;0.294906166;0.666014299;0.367292225;0.624570892
0.484042553;0.181818182;0.166666667;0.560898891;0.656004758;0.266853827;0.602416785;0.273458445;0.624570892;0.238605898;0.531004021
0.48537234;0.181818182;0.333333333;0.482302467;0.51784754;0.242785968;0.471643159;0.297587131;0.531004021;0.243967828;0.514637804
0.486702128;0.272727273;0.5;0.725080321;0.681539718;0.417776969;0.472886082;0.292225201;0.514637804;0.292225201;0.750929312
0.488031915;0.272727273;0.666666667;0.793266251;0.739698127;0.285776232;0.505102867;0.286863271;0.750929312;0.302949062;0.778412992
0.489361702;0.272727273;0.833333333;0.818297331;0.751154579;0.343452741;0.63696225;0.337801609;0.778412992;0.310991957;0.815109522
0.490691489;0.272727273;1;0.937706589;0.82832692;0.38982491;0.666014299;0.367292225;0.815109522;0.378016086;0.944784108
0.492021277;0.272727273;0;0.952682442;0.760036814;0.39942013;0.624570892;0.238605898;0.944784108;0.426273458;0.958271894
0.493351064;0.272727273;0.166666667;0.944101473;0.756388481;0.281947051;0.531004021;0.243967828;0.958271894;0.512064343;0.953642613
0.494680851;0.272727273;0.333333333;0.925052702;0.748619118;0.282136304;0.514637804;0.292225201;0.953642613;0.431635389;0.922237322
0.496010638;0.272727273;0.5;0.933880187;0.772031031;0.454589108;0.750929312;0.302949062;0.922237322;0.544235925;0.958497451
0.497340426;0.272727273;0.666666667;0.978565605;0.754698191;0.368704784;0.778412992;0.310991957;0.958497451;0.573726542;0.986996884
0.498670213;0.272727273;0.833333333;0.96853015;0.841991314;0.398696772;0.815109522;0.378016086;0.986996884;0.608579088;0.991091143
0.5;0.272727273;1;0.995562193;0.710330913;0.480977609;0.944784108;0.426273458;0.991091143;0.600536193;1
0.501329787;0.272727273;0;1;0.678837409;0.47713822;0.958271894;0.512064343;1;0.608579088;0.995988992
0.502659574;0.272727273;0.166666667;0.98512482;0.728391697;0.364302564;0.953642613;0.431635389;0.995988992;0.571045576;0.992447237
0.503989362;0.272727273;0.333333333;0.954743442;0.821604098;0.294422277;0.922237322;0.544235925;0.992447237;0.399463807;0.939621477
0.505319149;0.272727273;0.5;0.956187641;0.770900358;0.318503212;0.958497451;0.573726542;0.939621477;0.340482574;0.944883419
0.506648936;0.272727273;0.666666667;0.97970321;0.774364297;0.507625584;0.986996884;0.608579088;0.944883419;0.45308311;0.995485297
0.507978723;0.272727273;0.833333333;0.991666804;0.71602101;0.54029723;0.991091143;0.600536193;0.995485297;0.571045576;0.997293511
0.509308511;0.272727273;1;0.994576573;0.681935375;0.421604378;1;0.608579088;0.997293511;0.608579088;0.992623702
0.510638298;0.272727273;0;0.992621634;0.675397584;0.48598836;0.995988992;0.571045576;0.992623702;0.568364611;0.991599543
0.511968085;0.272727273;0.166666667;0.948270713;0.680432581;0.44756196;0.992447237;0.399463807;0.991599543;0.506702413;0.946068551
0.513297872;0.272727273;0.333333333;0.950141099;0.671925982;0.382052831;0.939621477;0.340482574;0.946068551;0.525469169;0.944853442
0.51462766;0.272727273;0.5;0.948642517;0.675046132;0.380136048;0.944883419;0.45308311;0.944853442;0.528150134;0.947485499
0.515957447;0.272727273;0.666666667;0.9848618;0.712570114;0.414893104;0.995485297;0.571045576;0.947485499;0.554959786;0.99169613
0.517287234;0.272727273;0.833333333;0.989585932;0.695797314;0.427275936;0.997293511;0.608579088;0.99169613;0.616621984;0.992011256
0.518617021;0.272727273;1;0.989655412;0.693495879;0.424900248;0.992623702;0.568364611;0.992011256;0.603217158;0.981806852
0.519946809;0.272727273;0;0.988952774;0.680419774;0.401567356;0.991599543;0.506702413;0.981806852;0.504021448;0.983499602
0.521276596;0.272727273;0.166666667;0.9874642;0.703353044;0.349477992;0.946068551;0.525469169;0.983499602;0.501340483;0.98947049
0.522606383;0.272727273;0.333333333;0.983074665;0.714697191;0.433604148;0.944853442;0.528150134;0.98947049;0.54155496;0.990075049
0.52393617;0.272727273;0.5;0.978791074;0.75141857;0.391100633;0.947485499;0.554959786;0.990075049;0.461126005;0.98842903
0.525265957;0.272727273;0.666666667;0.964276585;0.715573024;0.420176951;0.99169613;0.616621984;0.98842903;0.418230563;0.960869941
0.526595745;0.363636364;0.833333333;0.967651179;0.784208327;0.393888088;0.992011256;0.603217158;0.960869941;0.383378016;0.970475041
0.527925532;0.363636364;1;0.937410459;0.826009964;0.243272853;0.981806852;0.504021448;0.970475041;0.415549598;0.951105595
0.529255319;0.363636364;0;0.959202937;0.74950776;0.368464473;0.983499602;0.501340483;0.951105595;0.445040214;0.960925134
0.530585106;0.363636364;0.166666667;0.957215956;0.764481183;0.285046413;0.98947049;0.54155496;0.960925134;0.495978552;0.96065201
0.531914894;0.363636364;0.333333333;0.949620221;0.809000272;0.354724605;0.990075049;0.461126005;0.96065201;0.506702413;0.962175735
0.533244681;0.363636364;0.5;0.958275623;0.792495938;0.418684695;0.98842903;0.418230563;0.962175735;0.445040214;0.971602053
0.534574468;0.363636364;0.666666667;0.930355232;0.955181223;0.36118539;0.960869941;0.383378016;0.971602053;0.525469169;0.980508294
0.535904255;0.363636364;0.833333333;0.973464276;0.730763723;0.519765796;0.970475041;0.415549598;0.980508294;0.554959786;0.982346827
0.537234043;0.363636364;1;0.977437564;0.702948679;0.516333808;0.951105595;0.445040214;0.982346827;0.608579088;0.982219771
0.53856383;0.363636364;0;0.975600425;0.708984363;0.566593476;0.960925134;0.495978552;0.982219771;0.581769437;0.98049898
0.539893617;0.363636364;0.166666667;0.861006441;0.786626065;0.046303954;0.96065201;0.506702413;0.98049898;0.509383378;0.838246589
0.541223404;0.363636364;0.333333333;0.826492876;0.569652688;0.439865084;0.962175735;0.445040214;0.838246589;0.348525469;0.824784271
0.542553191;0.363636364;0.5;0.891828082;0.742566237;0.353571104;0.971602053;0.525469169;0.824784271;0.378016086;0.884991379
0.543882979;0.363636364;0.666666667;0.906716814;0.465861394;0.356223406;0.980508294;0.554959786;0.884991379;0.391420912;0.893493155
0.545212766;0.363636364;0.833333333;0.907950624;0.759476126;0.381983297;0.982346827;0.608579088;0.893493155;0.388739946;0.908038608
0.546542553;0.363636364;1;0.952328055;0.760138064;0.341772062;0.982219771;0.581769437;0.908038608;0.442359249;0.962028907
0.54787234;0.363636364;0;0.966510954;0.731938539;0.39360883;0.98049898;0.509383378;0.962028907;0.482573727;0.976078482
0.549202128;0.363636364;0.166666667;0.963784379;0.767789811;0.541746815;0.838246589;0.348525469;0.976078482;0.522788204;0.977550813
0.550531915;0.363636364;0.333333333;0.953769518;0.72902204;0.246150479;0.824784271;0.378016086;0.977550813;0.560321716;0.936769778
0.551861702;0.363636364;0.5;0.959425543;0.76667038;0.389776704;0.884991379;0.391420912;0.936769778;0.597855228;0.960532323
0.553191489;0.363636364;0.666666667;0.973934944;0.713831938;0.34449536;0.893493155;0.388739946;0.960532323;0.683646113;0.977907707
0.554521277;0.363636364;0.833333333;0.97840834;0.707437396;0.405981885;0.908038608;0.442359249;0.977907707;0.72386059;0.983857503
0.555851064;0.363636364;1;0.982224261;0.696829972;0.444245311;0.962028907;0.482573727;0.983857503;0.63002681;0.985040334
0.557180851;0.363636364;0;0.972654134;0.703837617;0.31684383;0.976078482;0.522788204;0.985040334;0.504021448;0.953824287
0.558510638;0.363636364;0.166666667;0.967535763;0.733434195;0.245986804;0.977550813;0.560321716;0.953824287;0.512064343;0.970361516
0.559840426;0.363636364;0.333333333;0.968431604;0.72738938;0.345172424;0.936769778;0.597855228;0.970361516;0.605898123;0.968341624
0.561170213;0.363636364;0.5;0.938530751;0.806859314;0.2982645;0.960532323;0.683646113;0.968341624;0.648793566;0.934216939
0.5625;0.363636364;0.666666667;0.919097499;0.791941095;0.39737203;0.977907707;0.72386059;0.934216939;0.638069705;0.933670436
0.563829787;0.363636364;0.833333333;0.935769697;0.820575447;0.393566671;0.983857503;0.63002681;0.933670436;0.608579088;0.952288048
0.565159574;0.363636364;1;0.968824919;0.743807618;0.361604935;0.985040334;0.504021448;0.952288048;0.632707775;0.973551003
0.566489362;0.363636364;0;0.970158006;0.75902109;0.388801502;0.953824287;0.512064343;0.973551003;0.646112601;0.975811503
0.567819149;0.454545455;0.166666667;0.86529558;0.729390252;0.16268027;0.970361516;0.605898123;0.975811503;0.624664879;0.87965354
0.569148936;0.454545455;0.333333333;0.784434933;0.769644634;0.710860874;0.968341624;0.648793566;0.87965354;0.683646113;0.815617784
0.570478723;0.454545455;0.5;0.795628353;0.751506108;0.311677406;0.934216939;0.638069705;0.815617784;0.742627346;0.816116075
0.571808511;0.454545455;0.666666667;0.838292275;0.690783463;0.494220665;0.933670436;0.608579088;0.816116075;0.624664879;0.844360555
0.573138298;0.454545455;0.833333333;0.834026047;0.700897176;0.491685771;0.952288048;0.632707775;0.844360555;0.450402145;0.847520633
0.574468085;0.454545455;1;0.839022237;0.713913397;0.492932313;0.973551003;0.646112601;0.847520633;0.455764075;0.850044954
0.575797872;0.454545455;0;0.838575249;0.708748172;0.4281656;0.975811503;0.624664879;0.850044954;0.466487936;0.846300546
0.57712766;0.454545455;0.166666667;0.830021911;0.701752518;0.373250618;0.87965354;0.683646113;0.846300546;0.495978552;0.815554488
0.578457447;0.454545455;0.333333333;0.792659335;0.776330049;0.484117449;0.815617784;0.742627346;0.815554488;0.485254692;0.802781176
0.579787234;0.454545455;0.5;0.791675423;0.755512827;0.560333438;0.816116075;0.624664879;0.802781176;0.482573727;0.806798841
0.581117021;0.454545455;0.666666667;0.760242793;0.810678959;0.43788614;0.844360555;0.450402145;0.806798841;0.504021448;0.776228715
0.582446809;0.454545455;0.833333333;0.824316546;0.770140409;0.459317192;0.847520633;0.455764075;0.776228715;0.571045576;0.83507083
0.583776596;0.454545455;1;0.835543173;0.763666121;0.447026649;0.850044954;0.466487936;0.83507083;0.533512064;0.852171844
0.585106383;0.454545455;0;0.844606456;0.735982048;0.424232811;0.846300546;0.495978552;0.852171844;0.584450402;0.844798042
0.58643617;0.454545455;0.166666667;0.824128941;0.78471653;0.430966085;0.815554488;0.485254692;0.844798042;0.560321716;0.833380649
0.587765957;0.454545455;0.333333333;0.813935254;0.769153292;0.552775497;0.802781176;0.482573727;0.833380649;0.571045576;0.840856981
0.589095745;0.454545455;0.5;0.769920871;0.799410429;0.453126917;0.806798841;0.504021448;0.840856981;0.573726542;0.793731901
0.590425532;0.454545455;0.666666667;0.811556566;0.766722733;0.450211544;0.776228715;0.571045576;0.793731901;0.560321716;0.816513642
0.591755319;0.454545455;0.833333333;0.821484054;0.717072988;0.445801303;0.83507083;0.533512064;0.816513642;0.557640751;0.82898533
0.593085106;0.454545455;1;0.832039484;0.764893312;0.48526955;0.852171844;0.584450402;0.82898533;0.565683646;0.851219517
0.594414894;0.454545455;0;0.834630805;0.744366926;0.505597427;0.844798042;0.560321716;0.851219517;0.619302949;0.852007063
0.595744681;0.454545455;0.166666667;0.821869583;0.775586489;0.461771681;0.833380649;0.571045576;0.852007063;0.557640751;0.834407639
0.597074468;0.454545455;0.333333333;0.801751984;0.776253906;0.489705005;0.840856981;0.573726542;0.834407639;0.608579088;0.819492908
0.598404255;0.454545455;0.5;0.784366044;0.809127988;0.501151142;0.793731901;0.560321716;0.819492908;0.745308311;0.818743764
0.599734043;0.454545455;0.666666667;0.79295717;0.800893345;0.494615756;0.816513642;0.557640751;0.818743764;0.806970509;0.827417335
0.60106383;0.454545455;0.833333333;0.799519116;0.75491386;0.45978277;0.82898533;0.565683646;0.827417335;0.839142091;0.823775508
0.602393617;0.454545455;1;0.81428283;0.738618677;0.295026584;0.851219517;0.619302949;0.823775508;0.761394102;0.819478283
0.603723404;0.454545455;0;0.817854832;0.726593574;0.425205427;0.852007063;0.557640751;0.819478283;0.624664879;0.826764661
0.605053191;0.454545455;0.166666667;0.764520757;0.816731128;0.367914207;0.834407639;0.608579088;0.826764661;0.605898123;0.787516838
0.606382979;0.454545455;0.333333333;0.775219236;0.724538434;0.405368317;0.819492908;0.745308311;0.787516838;0.584450402;0.761365801
0.607712766;0.545454545;0.5;0.76885849;0.765591507;0.372583123;0.818743764;0.806970509;0.761365801;0.63538874;0.783351102
0.609042553;0.545454545;0.666666667;0.748577942;0.730034815;0.473806911;0.827417335;0.839142091;0.783351102;0.627345845;0.777128385
0.61037234;0.545454545;0.833333333;0.775330939;0.71353629;0.457904191;0.823775508;0.761394102;0.777128385;0.573726542;0.794309369
0.611702128;0.545454545;1;0.818083598;0.739975966;0.46079236;0.819478283;0.624664879;0.794309369;0.589812332;0.833017397
0.613031915;0.545454545;0;0.819944496;0.72212217;0.43896049;0.826764661;0.605898123;0.833017397;0.632707775;0.832528325
0.614361702;0.545454545;0.166666667;0.792320546;0.757458932;0.485692642;0.787516838;0.584450402;0.832528325;0.611260054;0.819504766
0.615691489;0.545454545;0.333333333;0.798576412;0.7671269;0.451547378;0.761365801;0.63538874;0.819504766;0.54691689;0.811812611
0.617021277;0.545454545;0.5;0.764380387;0.768236086;0.518554921;0.783351102;0.627345845;0.811812611;0.611260054;0.788752634
0.618351064;0.545454545;0.666666667;0.782276722;0.798810963;0.339300937;0.777128385;0.573726542;0.788752634;0.680965147;0.798227346
0.619680851;0.545454545;0.833333333;0.795170018;0.729717559;0.401508796;0.794309369;0.589812332;0.798227346;0.750670241;0.808208704
0.621010638;0.545454545;1;0.881985569;0.764914106;0.461643392;0.833017397;0.632707775;0.808208704;0.584450402;0.895132739
0.622340426;0.545454545;0;0.879722832;0.747734215;0.458606395;0.832528325;0.611260054;0.895132739;0.592493298;0.896876119
0.623670213;0.545454545;0.166666667;0.844910033;0.767367322;0.435202148;0.819504766;0.54691689;0.896876119;0.63002681;0.872371894
0.625;0.545454545;0.333333333;0.864764207;0.771708834;0.465152798;0.811812611;0.611260054;0.872371894;0.670241287;0.885584175
0.626329787;0.545454545;0.5;0.853319443;0.796463029;0.280793972;0.788752634;0.680965147;0.885584175;0.611260054;0.867576474
0.627659574;0.545454545;0.666666667;0.821905613;0.799595255;0.362431879;0.798227346;0.750670241;0.867576474;0.589812332;0.831422298
0.628989362;0.545454545;0.833333333;0.799421513;0.814542304;0.475495334;0.808208704;0.584450402;0.831422298;0.579088472;0.830046742
0.630319149;0.545454545;1;0.790808113;0.767037255;0.530089059;0.895132739;0.592493298;0.830046742;0.667560322;0.844670565
0.631648936;0.545454545;0;0.824320045;0.761409239;0.466916129;0.896876119;0.63002681;0.844670565;0.680965147;0.842064307
0.632978723;0.545454545;0.166666667;0.809119123;0.814587588;0.474827335;0.872371894;0.670241287;0.842064307;0.71849866;0.828729025
0.634308511;0.545454545;0.333333333;0.725668947;0.767091413;0.423360852;0.885584175;0.611260054;0.828729025;0.638069705;0.756582231
0.635638298;0.545454545;0.5;0.728950284;0.753291952;0.40211266;0.867576474;0.589812332;0.756582231;0.638069705;0.737864078
0.636968085;0.545454545;0.666666667;0.720597037;0.779455074;0.383727723;0.831422298;0.579088472;0.737864078;0.646112601;0.7560573
0.638297872;0.545454545;0.833333333;0.764602039;0.796020281;0.44690294;0.830046742;0.667560322;0.7560573;0.697050938;0.799444502
0.63962766;0.545454545;1;0.794676546;0.761042049;0.441122935;0.844670565;0.680965147;0.799444502;0.654155496;0.820598228
0.640957447;0.545454545;0;0.802913322;0.761209565;0.481454116;0.842064307;0.71849866;0.820598228;0.667560322;0.832252438
0.642287234;0.545454545;0.166666667;0.765031532;0.761295576;0.544485793;0.828729025;0.638069705;0.832252438;0.648793566;0.802656682
0.643617021;0.545454545;0.333333333;0.770726422;0.711548486;0.441622822;0.756582231;0.638069705;0.802656682;0.753351206;0.775904922
0.644946809;0.545454545;0.5;0.756502334;0.694590043;0.475591025;0.737864078;0.646112601;0.775904922;0.616621984;0.770328379
0.646276596;0.545454545;0.666666667;0.74236689;0.739426345;0.398483053;0.7560573;0.697050938;0.770328379;0.646112601;0.768655178
0.647606383;0.545454545;0.833333333;0.74883854;0.744938844;0.527777964;0.799444502;0.654155496;0.768655178;0.782841823;0.78067456
0.64893617;0.636363636;1;0.76513858;0.720031547;0.458843289;0.820598228;0.667560322;0.78067456;0.863270777;0.779735058
0.650265957;0.636363636;0;0.769737854;0.743913463;0.395198006;0.832252438;0.648793566;0.779735058;0.699731903;0.774920076
0.651595745;0.636363636;0.166666667;0.714987104;0.743234541;0.333252261;0.802656682;0.753351206;0.774920076;0.621983914;0.725569928
0.652925532;0.636363636;0.333333333;0.702331019;0.71707572;0.391061041;0.775904922;0.616621984;0.725569928;0.573726542;0.735679038
0.654255319;0.636363636;0.5;0.716699694;0.75765188;0.55634596;0.770328379;0.646112601;0.735679038;0.643431635;0.770434953
0.655585106;0.636363636;0.666666667;0.764955946;0.710419004;0.510522012;0.768655178;0.782841823;0.770434953;0.737265416;0.819028609
0.656914894;0.636363636;0.833333333;0.777768278;0.697747903;0.50140121;0.78067456;0.863270777;0.819028609;0.825737265;0.805543041
0.658244681;0.636363636;1;0.819425627;0.758658375;0.40028589;0.779735058;0.699731903;0.805543041;0.884718499;0.835499075
0.659574468;0.636363636;0;0.832699359;0.832559544;0.426788832;0.774920076;0.621983914;0.835499075;0.90616622;0.855314075
0.660904255;0.636363636;0.166666667;0.808256309;0.727661948;0.454978976;0.725569928;0.573726542;0.855314075;0.922252011;0.824507646
0.662234043;0.636363636;0.333333333;0.766618799;0.716701403;0.427975643;0.735679038;0.643431635;0.824507646;0.855227882;0.786826417
0.66356383;0.636363636;0.5;0.734764321;0.714740661;0.417415745;0.770434953;0.737265416;0.786826417;0.820375335;0.7762869
0.664893617;0.636363636;0.666666667;0.703790423;0.689767197;0.405992153;0.819028609;0.825737265;0.7762869;0.801608579;0.742756452
0.666223404;0.636363636;0.833333333;0.689318006;0.696076113;0.388489014;0.805543041;0.884718499;0.742756452;0.691689008;0.710319413
0.667553191;0.636363636;1;0.753196986;0.683233049;0.509722447;0.835499075;0.90616622;0.710319413;0.672922252;0.7810799
0.668882979;0.636363636;0;0.750610122;0.684042703;0.524781239;0.855314075;0.922252011;0.7810799;0.707774799;0.769667319
0.670212766;0.636363636;0.166666667;0.694806414;0.68173708;0.531797759;0.824507646;0.855227882;0.769667319;0.659517426;0.712155722
0.671542553;0.636363636;0.333333333;0.703181366;0.676962051;0.540213856;0.786826417;0.820375335;0.712155722;0.627345845;0.714374212
0.67287234;0.636363636;0.5;0.701433431;0.68587716;0.560708504;0.7762869;0.801608579;0.714374212;0.670241287;0.724416936
0.674202128;0.636363636;0.666666667;0.702992659;0.687482509;0.491211666;0.742756452;0.691689008;0.724416936;0.680965147;0.705530824
0.675531915;0.636363636;0.833333333;0.737936537;0.68585494;0.564391611;0.710319413;0.672922252;0.705530824;0.782841823;0.762809306
0.676861702;0.636363636;1;0.770924754;0.694306001;0.488568826;0.7810799;0.707774799;0.762809306;0.721179625;0.792404336
0.678191489;0.636363636;0;0.779954603;0.701655315;0.518482853;0.769667319;0.659517426;0.792404336;0.654155496;0.769490854
0.679521277;0.636363636;0.166666667;0.675018678;0.715120962;0.508681367;0.712155722;0.627345845;0.769490854;0.584450402;0.674575134
0.680851064;0.636363636;0.333333333;0.659179644;0.695487782;0.431983301;0.714374212;0.670241287;0.674575134;0.579088472;0.675153391
0.682180851;0.636363636;0.5;0.648469815;0.689793201;0.487322622;0.724416936;0.680965147;0.675153391;0.670241287;0.655568842
0.683510638;0.636363636;0.666666667;0.638826871;0.698022518;0.552641576;0.705530824;0.782841823;0.655568842;0.603217158;0.654747387
0.684840426;0.636363636;0.833333333;0.623783012;0.699732195;0.597279418;0.762809306;0.721179625;0.654747387;0.643431635;0.626057273
0.686170213;0.636363636;1;0.653410665;0.679545081;0.57141629;0.792404336;0.654155496;0.626057273;0.530831099;0.670726413
0.6875;0.636363636;0;0.660773646;0.694612386;0.509771188;0.769490854;0.584450402;0.670726413;0.493297587;0.678695225
0.688829787;0.636363636;0.166666667;0.648051207;0.686763626;0.510187873;0.674575134;0.579088472;0.678695225;0.528150134;0.646851635
0.690159574;0.727272727;0.333333333;0.594190342;0.656601123;0.595296832;0.675153391;0.670241287;0.646851635;0.522788204;0.625142374
0.691489362;0.727272727;0.5;0.709930524;0.66216722;0.484356962;0.655568842;0.603217158;0.625142374;0.528150134;0.721228274
0.692819149;0.727272727;0.666666667;0.737069945;0.659594755;0.575797668;0.654747387;0.643431635;0.721228274;0.568364611;0.750831401
0.694148936;0.727272727;0.833333333;0.752166143;0.662031361;0.454576827;0.626057273;0.530831099;0.750831401;0.694369973;0.756345278
0.695478723;0.727272727;1;0.792613967;0.672863288;0.52502533;0.670726413;0.493297587;0.756345278;0.689008043;0.802178651
0.696808511;0.727272727;0;0.789071826;0.669658553;0.461433023;0.678695225;0.528150134;0.802178651;0.536193029;0.794163273
0.698138298;0.727272727;0.166666667;0.721866171;0.661668894;0.511512461;0.646851635;0.522788204;0.794163273;0.501340483;0.742773195
0.699468085;0.727272727;0.333333333;0.72949379;0.657517395;0.615922748;0.625142374;0.528150134;0.742773195;0.573726542;0.747111568
0.700797872;0.727272727;0.5;0.768370088;0.661518505;0.662628296;0.721228274;0.568364611;0.747111568;0.654155496;0.787715222
0.70212766;0.727272727;0.666666667;0.746630601;0.678128809;0.551854859;0.750831401;0.694369973;0.787715222;0.680965147;0.768481556
0.703457447;0.727272727;0.833333333;0.731766078;0.669494329;0.551631772;0.756345278;0.689008043;0.768481556;0.648793566;0.747269727
0.704787234;0.727272727;1;0.787543291;0.694934521;0.49824171;0.802178651;0.536193029;0.747269727;0.638069705;0.806449418
0.706117021;0.727272727;0;0.770392133;0.663278624;0.516326625;0.794163273;0.501340483;0.806449418;0.565683646;0.780033602
0.707446809;0.727272727;0.166666667;0.673920874;0.659265205;0.459877585;0.742773195;0.573726542;0.780033602;0.64075067;0.683624672
0.708776596;0.727272727;0.333333333;0.692218721;0.657104881;0.527298706;0.747111568;0.654155496;0.683624672;0.747989276;0.707329027
0.710106383;0.727272727;0.5;0.698010018;0.646634213;0.535758841;0.787715222;0.680965147;0.707329027;0.780160858;0.703355834
0.71143617;0.727272727;0.666666667;0.669939005;0.59265144;0.573379582;0.768481556;0.648793566;0.703355834;0.72922252;0.684990998
0.712765957;0.727272727;0.833333333;0.664247516;0.659778661;0.438780897;0.747269727;0.638069705;0.684990998;0.621983914;0.675753062
0.714095745;0.727272727;1;0.747475605;0.661490498;0.421285687;0.806449418;0.565683646;0.675753062;0.686327078;0.757978116
0.715425532;0.727272727;0;0.76512617;0.662261982;0.497395488;0.780033602;0.64075067;0.757978116;0.694369973;0.77676148
0.716755319;0.727272727;0.166666667;0.732788941;0.671599078;0.221084585;0.683624672;0.747989276;0.77676148;0.680965147;0.660392981
0.718085106;0.727272727;0.333333333;0.701425004;0.661320795;0.527242594;0.707329027;0.780160858;0.660392981;0.611260054;0.717874789
0.719414894;0.727272727;0.5;0.716384279;0.656588125;0.521660371;0.703355834;0.72922252;0.717874789;0.619302949;0.738074137
0.720744681;0.727272727;0.666666667;0.707178536;0.668153735;0.494834104;0.684990998;0.621983914;0.738074137;0.544235925;0.733284402
0.722074468;0.727272727;0.833333333;0.66941338;0.648047866;0.566646079;0.675753062;0.686327078;0.733284402;0.431635389;0.683700906
0.723404255;0.727272727;1;0.716156596;0.658263182;0.484098369;0.757978116;0.694369973;0.683700906;0.386058981;0.725767324
0.724734043;0.727272727;0;0.719100972;0.658584751;0.541680593;0.77676148;0.680965147;0.725767324;0.399463807;0.730107284
0.72606383;0.727272727;0.166666667;0.62523147;0.660124692;0.493521053;0.660392981;0.611260054;0.730107284;0.426273458;0.625457828
0.727393617;0.727272727;0.333333333;0.661532972;0.659009611;0.566426552;0.717874789;0.619302949;0.625457828;0.455764075;0.623303531
0.728723404;0.727272727;0.5;0.574699075;0.456615912;0.5842633;0.738074137;0.544235925;0.623303531;0.514745308;0.578463466
0.730053191;0.818181818;0.666666667;0.608789697;0.613454927;0.453314894;0.733284402;0.431635389;0.578463466;0.530831099;0.597761954
0.731382979;0.818181818;0.833333333;0.676185075;0.643683537;0.494518163;0.683700906;0.386058981;0.597761954;0.439678284;0.666745904
0.732712766;0.818181818;1;0.79803426;0.724000021;0.47573094;0.725767324;0.399463807;0.666745904;0.423592493;0.787947913
0.734042553;0.818181818;0;0.786648812;0.683814244;0.424283237;0.730107284;0.426273458;0.787947913;0.404825737;0.794886522
0.73537234;0.818181818;0.166666667;0.695005842;0.640269037;0.404614569;0.625457828;0.455764075;0.794886522;0.402144772;0.673070358
0.736702128;0.818181818;0.333333333;0.693987712;0.684345998;0.453123005;0.623303531;0.514745308;0.673070358;0.426273458;0.695687812
0.738031915;0.818181818;0.5;0.675524728;0.663910206;0.491240811;0.578463466;0.530831099;0.695687812;0.455764075;0.682164276
0.739361702;0.818181818;0.666666667;0.679600159;0.658006841;0.460684398;0.597761954;0.439678284;0.682164276;0.479892761;0.692139801
0.740691489;0.818181818;0.833333333;0.673665961;0.662021181;0.458665133;0.666745904;0.423592493;0.692139801;0.533512064;0.694487281
0.742021277;0.818181818;1;0.759739015;0.709616016;0.449498541;0.787947913;0.404825737;0.694487281;0.466487936;0.783649192
0.743351064;0.818181818;0;0.761672117;0.712201606;0.420772393;0.794886522;0.402144772;0.783649192;0.402144772;0.772020459
0.744680851;0.818181818;0.166666667;0.664929727;0.591378397;0.414133322;0.673070358;0.426273458;0.772020459;0.380697051;0.663140574
0.746010638;0.818181818;0.333333333;0.64250043;0.572405289;0.428592205;0.695687812;0.455764075;0.663140574;0.383378016;0.646717858
0.747340426;0.818181818;0.5;0.600775961;0.593471293;0.507617851;0.682164276;0.479892761;0.646717858;0.361930295;0.609771965
0.748670213;0.818181818;0.666666667;0.563022149;0.578622618;0.48169814;0.692139801;0.533512064;0.609771965;0.36997319;0.544257791
0.75;0.818181818;0.833333333;0.578732733;0.498493652;0.391261083;0.694487281;0.466487936;0.544257791;0.36461126;0.535356864
0.751329787;0.818181818;1;0.609486286;0.598884734;0.47180288;0.783649192;0.402144772;0.535356864;0.375335121;0.609359682
0.752659574;0.818181818;0;0.654696733;0.609154355;0.51851006;0.772020459;0.380697051;0.609359682;0.35924933;0.670085061
0.753989362;0.818181818;0.166666667;0.647689808;0.635981532;0.535291024;0.663140574;0.383378016;0.670085061;0.35924933;0.6687345
0.755319149;0.818181818;0.333333333;0.671429855;0.613811319;0.4703474;0.646717858;0.361930295;0.6687345;0.378016086;0.655382136
0.756648936;0.818181818;0.5;0.67961308;0.645703181;0.395178005;0.609771965;0.36997319;0.655382136;0.44772118;0.673362119
0.757978723;0.818181818;0.666666667;0.658028631;0.642964972;0.413228563;0.544257791;0.36461126;0.673362119;0.54691689;0.645380963
0.759308511;0.818181818;0.833333333;0.675093562;0.635505809;0.571309734;0.535356864;0.375335121;0.645380963;0.530831099;0.689956872
0.760638298;0.818181818;1;0.801438112;0.904006039;0.430200222;0.609359682;0.35924933;0.689956872;0.485254692;0.841246284
0.761968085;0.818181818;0;0.799014414;0.887338701;0.442692503;0.670085061;0.35924933;0.841246284;0.474530831;0.831106532
0.763297872;0.818181818;0.166666667;0.682447622;0.749164488;0.466435328;0.6687345;0.378016086;0.831106532;0.372654155;0.698558222
0.76462766;0.818181818;0.333333333;0.684786886;0.752640809;0.419294486;0.655382136;0.44772118;0.698558222;0.361930295;0.669853182
0.765957447;0.818181818;0.5;0.67659772;0.749581933;0.434984823;0.673362119;0.54691689;0.669853182;0.383378016;0.686921387
0.767287234;0.818181818;0.666666667;0.684668575;0.708065775;0.44311527;0.645380963;0.530831099;0.686921387;0.420911528;0.685495958
0.768617021;0.818181818;0.833333333;0.697760603;0.781148937;0.466955545;0.689956872;0.485254692;0.685495958;0.45308311;0.718833213
0.769946809;0.818181818;1;0.756424723;0.758352284;0.463335606;0.841246284;0.474530831;0.718833213;0.469168901;0.776634472
0.771276596;0.909090909;0;0.733826478;0.772943672;0.51149891;0.831106532;0.372654155;0.776634472;0.471849866;0.761854531
0.772606383;0.909090909;0.166666667;0.672404346;0.666460499;0.346513017;0.698558222;0.361930295;0.761854531;0.54691689;0.696241718
0.77393617;0.909090909;0.333333333;0.583308192;0.678016691;0.462743251;0.669853182;0.383378016;0.696241718;0.474530831;0.597961961
0.775265957;0.909090909;0.5;0.53437363;0.647693426;0.385150381;0.686921387;0.420911528;0.597961961;0.316353887;0.526084938
0.776595745;0.909090909;0.666666667;0.455551991;0.632991595;0.428808702;0.685495958;0.45308311;0.526084938;0.292225201;0.485401641
0.777925532;0.909090909;0.833333333;0.448802932;0.656669456;0.618122721;0.718833213;0.469168901;0.485401641;0.297587131;0.499961401
0.779255319;0.909090909;1;0.646400727;0.683180007;0.458351159;0.776634472;0.471849866;0.499961401;0.319034853;0.656496811
0.780585106;0.909090909;0;0.664846565;0.69680213;0.462629791;0.761854531;0.54691689;0.656496811;0.415549598;0.679149718
0.781914894;0.909090909;0.166666667;0.516995639;0.657752813;0.420548091;0.696241718;0.474530831;0.679149718;0.45308311;0.489440528
0.783244681;0.909090909;0.333333333;0.467945866;0.641374788;0.394714701;0.597961961;0.316353887;0.489440528;0.436997319;0.470387826
0.784574468;0.909090909;0.5;0.534042922;0.654977;0.446726191;0.526084938;0.292225201;0.470387826;0.415549598;0.546748913
0.785904255;0.909090909;0.666666667;0.480644622;0.64331274;0.443434072;0.485401641;0.297587131;0.546748913;0.380697051;0.494235015
0.787234043;0.909090909;0.833333333;0.501583817;0.642752242;0.493231146;0.499961401;0.319034853;0.494235015;0.372654155;0.526948442
0.78856383;0.909090909;1;0.641842566;0.666727106;0.446343855;0.656496811;0.415549598;0.526948442;0.439678284;0.656670441
0.789893617;0.909090909;0;0.647901599;0.717856011;0.458489715;0.679149718;0.45308311;0.656670441;0.471849866;0.674002265
0.791223404;0.909090909;0.166666667;0.554408777;0.660425142;0.348511767;0.489440528;0.436997319;0.674002265;0.428954424;0.552875899
0.792553191;0.909090909;0.333333333;0.519218413;0.643692218;0.43505418;0.470387826;0.415549598;0.552875899;0.394101877;0.521757408
0.793882979;0.909090909;0.5;0.520145251;0.658475961;0.486520127;0.546748913;0.380697051;0.521757408;0.383378016;0.55905299
0.795212766;0.909090909;0.666666667;0.509509761;0.659108653;0.429846856;0.494235015;0.372654155;0.55905299;0.407506702;0.517080311
0.796542553;0.909090909;0.833333333;0.402463863;0.618824932;0.516386137;0.526948442;0.439678284;0.517080311;0.340482574;0.425856928
0.79787234;0.909090909;1;0.503976428;0.656018104;0.387559178;0.656670441;0.471849866;0.425856928;0.27077748;0.505717995
0.799202128;0.909090909;0;0.48881199;0.655913046;0.391134121;0.674002265;0.428954424;0.505717995;0.27613941;0.486403883
0.800531915;0.909090909;0.166666667;0.387305577;0.603392242;0.333366365;0.552875899;0.394101877;0.486403883;0.316353887;0.365333248
0.801861702;0.909090909;0.333333333;0.344333199;0.597866866;0.364841857;0.521757408;0.383378016;0.365333248;0.340482574;0.322864906
0.803191489;0.909090909;0.5;0.317355087;0.561346219;0.535988698;0.55905299;0.407506702;0.322864906;0.27077748;0.327294535
0.804521277;0.909090909;0.666666667;0.304590817;0.538503862;0.463792638;0.517080311;0.340482574;0.327294535;0.308310992;0.318574526
0.805851064;0.909090909;0.833333333;0.323226593;0.536168899;0.572113356;0.425856928;0.27077748;0.318574526;0.302949062;0.352753914
0.807180851;0.909090909;1;0.365522361;0.625542028;0.295683439;0.505717995;0.27613941;0.352753914;0.308310992;0.381967997
0.808510638;0.909090909;0;0.335642267;0.497380737;0.5128059;0.486403883;0.316353887;0.381967997;0.278820375;0.360149103
0.809840426;0.909090909;0.166666667;0.30602009;0.526411127;0.549360191;0.365333248;0.340482574;0.360149103;0.168900804;0.323180038
0.811170213;1;0.333333333;0.293332455;0.519551647;0.440622749;0.322864906;0.27077748;0.323180038;0.222520107;0.294918837
0.8125;1;0.5;0.287748551;0.548348847;0.50962741;0.327294535;0.308310992;0.294918837;0.292225201;0.292444709
0.813829787;1;0.666666667;0.314716152;0.608629689;0.517548867;0.318574526;0.302949062;0.292444709;0.284182306;0.347531653
0.815159574;1;0.833333333;0.290838416;0.591699681;0.687710978;0.352753914;0.308310992;0.347531653;0.27077748;0.31205221
0.816489362;1;1;0.34029589;0.528495565;0.48643436;0.381967997;0.278820375;0.31205221;0.222520107;0.34876283
0.819148936;1;0.166666667;0.301450491;0.569744263;0.446970928;0.323180038;0.222520107;0.354156877;0.214477212;0.317242593
0.820478723;1;0.333333333;0.289052639;0.451183637;0.564004267;0.294918837;0.292225201;0.317242593;0.195710456;0.290535976
0.821808511;1;0.5;0.245231138;0.579925022;0.497612457;0.292444709;0.284182306;0.290535976;0.1769437;0.223439884
0.823138298;1;0.666666667;0.279363279;0.530509514;0.593516974;0.347531653;0.27077748;0.223439884;0.158176944;0.304834009
0.824468085;1;0.833333333;0.325209611;0.545988479;0.554441766;0.31205221;0.222520107;0.304834009;0.246648794;0.348692908
0.825797872;1;1;0.331986718;0.451530081;0.579500458;0.34876283;0.225201072;0.348692908;0.340482574;0.351100588
0.82712766;1;0;0.335472994;0.472290052;0.559266529;0.354156877;0.214477212;0.351100588;0.308310992;0.351308983
0.828457447;1;0.166666667;0.308113264;0.586851608;0.664348639;0.317242593;0.195710456;0.351308983;0.27077748;0.335022466
0.829787234;1;0.333333333;0.344366829;0.430815817;0.48818392;0.290535976;0.1769437;0.335022466;0.375335121;0.358554099
0.831117021;1;0.5;0.331002739;0.596664614;0.583598604;0.223439884;0.158176944;0.358554099;0.332439678;0.364428169
0.832446809;1;0.666666667;0.343941782;0.569408561;0.520727023;0.304834009;0.246648794;0.364428169;0.319034853;0.374647959
0.833776596;1;0.833333333;0.348959161;0.560723425;0.591197697;0.348692908;0.340482574;0.374647959;0.321715818;0.384017844
0.835106383;1;1;0.462759749;0.640640243;0.485435675;0.351100588;0.308310992;0.384017844;0.297587131;0.482677945
0.83643617;1;0;0.451202753;0.622269578;0.429524492;0.351308983;0.27077748;0.482677945;0.351206434;0.466009011
0.837765957;1;0.166666667;0.395608229;0.415221619;0.547764008;0.335022466;0.375335121;0.466009011;0.335120643;0.420680473
0.839095745;1;0.333333333;0.401389066;0.415487574;0.669573051;0.358554099;0.332439678;0.420680473;0.399463807;0.446880967
0.840425532;1;0.5;0.459839168;0.579675894;0.528025541;0.364428169;0.319034853;0.446880967;0.469168901;0.526477735
0.841755319;1;0.666666667;0.396150453;0.660621473;0.492649208;0.374647959;0.321715818;0.526477735;0.388739946;0.430201395
0.843085106;1;0.833333333;0.379726631;0.622777108;0.472942219;0.384017844;0.297587131;0.430201395;0.246648794;0.401529534
0.844414894;1;1;0.362667563;0.624785446;0.464867559;0.482677945;0.351206434;0.401529534;0.206434316;0.384139813
0.845744681;1;0;0.377071883;0.600165667;0.516585179;0.466009011;0.335120643;0.384139813;0.203753351;0.395908537
0.847074468;1;0.166666667;0.323946534;0.583045743;0.355799158;0.420680473;0.399463807;0.395908537;0.233243968;0.334321403
0.848404255;1;0.333333333;0.30465893;0.532039586;0.499576128;0.446880967;0.469168901;0.334321403;0.184986595;0.335839563
0.849734043;1;0.5;0.353950059;0.606011077;0.501498206;0.526477735;0.388739946;0.335839563;0.206434316;0.380757394
0.85106383;1;0.666666667;0.343198176;0.640303168;0.480663886;0.430201395;0.246648794;0.380757394;0.217158177;0.382343346
0.852393617;0;0.833333333;0.342704143;0.571773866;0.551582025;0.401529534;0.206434316;0.382343346;0.18766756;0.368388843
0.853723404;0;1;0.306764343;0.581145489;0.497330918;0.384139813;0.203753351;0.368388843;0.142091153;0.327268782
0.855053191;0;0;0.32844292;0.58329938;0.497265705;0.395908537;0.233243968;0.327268782;0.160857909;0.35397836
0.856382979;0;0.166666667;0.236925198;0.56307926;0.464409494;0.334321403;0.184986595;0.35397836;0.179624665;0.252742455
0.857712766;0;0.333333333;0.165560506;0.559381822;0.358006133;0.335839563;0.206434316;0.252742455;0.171581769;0.124648407
0.859042553;0;0.5;0.134414836;0.522784806;0.574609661;0.380757394;0.217158177;0.124648407;0.171581769;0.12440011
0.86037234;0;0.666666667;0.149833759;0.549395093;0.545453858;0.382343346;0.18766756;0.12440011;0.18766756;0.168395557
0.861702128;0;0.833333333;0.132378913;0.620964978;0.419653072;0.368388843;0.142091153;0.168395557;0.168900804;0.156440178
0.863031915;0;1;0.207763642;0.565228015;0.68224488;0.327268782;0.160857909;0.156440178;0.152815013;0.239574506
0.864361702;0;0;0.194075089;0.521154422;0.55261989;0.35397836;0.179624665;0.239574506;0.120643432;0.217799107
0.865691489;0;0.166666667;0.17470547;0.510274231;0.573845083;0.252742455;0.171581769;0.217799107;0.134048257;0.177982691
0.867021277;0;0.333333333;0.281785957;0.49206909;0.435492837;0.124648407;0.171581769;0.177982691;0.198391421;0.266730711
0.868351064;0;0.5;0.298337372;0.513865368;0.746622426;0.12440011;0.18766756;0.266730711;0.284182306;0.337662104
0.869680851;0;0.666666667;0.22479656;0.501672946;0.828310207;0.168395557;0.168900804;0.337662104;0.327077748;0.285023258
0.871010638;0;0.833333333;0.199916142;0.60741608;0.509082997;0.156440178;0.152815013;0.285023258;0.300268097;0.212680087
0.872340426;0;1;0.292793521;0.592090269;0.512084069;0.239574506;0.120643432;0.212680087;0.136729223;0.326994139
0.873670213;0;0;0.318244912;0.586962304;0.601478706;0.217799107;0.134048257;0.326994139;0.134048257;0.355283456
0.875;0;0.166666667;0.247659203;0.549578622;0.456043791;0.177982691;0.198391421;0.355283456;0.243967828;0.240843906
0.876329787;0;0.333333333;0.281763626;0.578632422;0.506218427;0.266730711;0.284182306;0.240843906;0.233243968;0.301911923
0.877659574;0;0.5;0.386096634;0.636121567;0.696226306;0.337662104;0.327077748;0.301911923;0.254691689;0.411374264
0.878989362;0;0.666666667;0.399384514;0.65532331;0.548020453;0.285023258;0.300268097;0.411374264;0.36461126;0.429413599
0.880319149;0;0.833333333;0.391279382;0.631458109;0.584864577;0.212680087;0.136729223;0.429413599;0.302949062;0.416187776
0.881648936;0;1;0.384318382;0.635045842;0.457004284;0.326994139;0.134048257;0.416187776;0.235924933;0.410763733
0.882978723;0;0;0.354746988;0.633743974;0.399967233;0.355283456;0.243967828;0.410763733;0.174262735;0.374758279
0.884308511;0;0.166666667;0.289223162;0.551163667;0.46347958;0.240843906;0.233243968;0.374758279;0.139410188;0.290175447
0.885638298;0;0.333333333;0.307763759;0.591021879;0.582190572;0.301911923;0.254691689;0.290175447;0.174262735;0.32458647
0.886968085;0;0.5;0.349952449;0.625249987;0.504535878;0.411374264;0.36461126;0.32458647;0.168900804;0.350673612
0.888297872;0;0.666666667;0.415531881;0.636619045;0.498975028;0.429413599;0.302949062;0.350673612;0.27077748;0.453784903
0.88962766;0;0.833333333;0.438370214;0.67282135;0.547479543;0.416187776;0.235924933;0.453784903;0.418230563;0.480506428
0.890957447;0;1;0.429918067;0.554383638;0.515807708;0.410763733;0.174262735;0.480506428;0.351206434;0.450876732
0.892287234;0;0;0.46151621;0.548868279;0.578285988;0.374758279;0.139410188;0.450876732;0.36997319;0.487116735
0.893617021;0.090909091;0.166666667;0.311490651;0.58975841;0.60420111;0.290175447;0.174262735;0.487116735;0.316353887;0.368929786
0.894946809;0.090909091;0.333333333;0.379474177;0.53591488;0.581212303;0.32458647;0.168900804;0.368929786;0.321715818;0.416232568
0.896276596;0.090909091;0.5;0.3711877;0.633952953;0.474334656;0.350673612;0.27077748;0.416232568;0.420911528;0.399264227
0.897606383;0.090909091;0.666666667;0.323290653;0.600808793;0.464865142;0.453784903;0.418230563;0.399264227;0.348525469;0.330389441
0.89893617;0.090909091;0.833333333;0.354109313;0.637949367;0.421240675;0.480506428;0.351206434;0.330389441;0.321715818;0.382651297
0.900265957;0.090909091;1;0.419276432;0.552976121;0.572650309;0.450876732;0.36997319;0.382651297;0.351206434;0.464675444
0.901595745;0.090909091;0;0.368392714;0.634842426;0.491391783;0.487116735;0.316353887;0.464675444;0.302949062;0.392150493
0.902925532;0.090909091;0.166666667;0.191237154;0.634139654;0.624513939;0.368929786;0.321715818;0.392150493;0.128686327;0.19742775
0.904255319;0.090909091;0.333333333;0.14627722;0.632296559;0.554291632;0.416232568;0.420911528;0.19742775;0.067024129;0.171220411
0.905585106;0.090909091;0.5;0.109266398;0.405722654;0.576275082;0.399264227;0.348525469;0.171220411;0.040214477;0.140470435
0.906914894;0.090909091;0.666666667;0.090701994;0.376047929;0.639235809;0.330389441;0.321715818;0.140470435;0;0.124551293
0.908244681;0.090909091;0.833333333;0.110417441;0.427022845;0.485624772;0.382651297;0.351206434;0.124551293;0.042895442;0.10066473
0.909574468;0.090909091;1;0.132018818;0.591752793;0.394343219;0.464675444;0.302949062;0.10066473;0.045576408;0.142017387
0.910904255;0.090909091;0;0.188611538;0.617283563;0.553563801;0.392150493;0.128686327;0.142017387;0.029490617;0.224309
0.912234043;0.090909091;0.166666667;0.191587667;0.579167204;0.478058931;0.19742775;0.067024129;0.224309;0.09383378;0.226064129
0.91356383;0.090909091;0.333333333;0.261212543;0.588733466;0.547891018;0.171220411;0.040214477;0.226064129;0.27613941;0.309993104
0.914893617;0.090909091;0.5;0.316185739;0.358895835;0.813077236;0.140470435;0;0.309993104;0.324396783;0.360892861
0.916223404;0.090909091;0.666666667;0.365601939;0.462192076;0.703966466;0.124551293;0.042895442;0.360892861;0.348525469;0.389154606
0.917553191;0.090909091;0.833333333;0.374212756;0.529507603;0.610712181;0.10066473;0.045576408;0.389154606;0.297587131;0.39961867
0.918882979;0.090909091;1;0.583675023;0.628648232;0.702497085;0.142017387;0.029490617;0.39961867;0.35924933;0.619860772
0.920212766;0.090909091;0;0.589325691;0.552006562;0.8135329;0.224309;0.09383378;0.619860772;0.44772118;0.624406768
0.921542553;0.090909091;0.166666667;0.51104113;0.481695958;0.665420122;0.226064129;0.27613941;0.624406768;0.442359249;0.547755035
0.92287234;0.090909091;0.333333333;0.606050602;0.531124733;0.55707317;0.309993104;0.324396783;0.547755035;0.442359249;0.654332792
0.924202128;0.090909091;0.5;0.639776634;0.626512746;0.522987107;0.360892861;0.348525469;0.654332792;0.45844504;0.69615989
0.925531915;0.090909091;0.666666667;0.583880254;0.498088235;0.5604574;0.389154606;0.297587131;0.69615989;0.455764075;0.570243724
0.926861702;0.090909091;0.833333333;0.504647466;0.493427224;0.548965576;0.39961867;0.35924933;0.570243724;0.431635389;0.493431999
0.928191489;0.090909091;1;0.502545001;0.527297422;0.767433809;0.619860772;0.44772118;0.493431999;0.316353887;0.501179309
0.929521277;0.090909091;0;0.489482199;0.505569122;0.689625446;0.624406768;0.442359249;0.501179309;0.27613941;0.482989335
0.930851064;0.181818182;0.166666667;0.54518835;0.549858529;0.593119951;0.547755035;0.442359249;0.482989335;0.286863271;0.525097568
0.932180851;0.181818182;0.333333333;0.523261648;0.539017055;0.67471677;0.654332792;0.45844504;0.525097568;0.324396783;0.531939976
0.933510638;0.181818182;0.5;0.548890172;0.522217813;0.529797292;0.69615989;0.455764075;0.531939976;0.388739946;0.51544758
0.934840426;0.181818182;0.666666667;0.466234215;0.519294129;0.503167006;0.570243724;0.431635389;0.51544758;0.439678284;0.419144395
0.936170213;0.181818182;0.833333333;0.380634841;0.477145338;0.522916166;0.493431999;0.316353887;0.419144395;0.321715818;0.412357225
0.9375;0.181818182;1;0.500014422;0.493548409;0.539110263;0.501179309;0.27613941;0.412357225;0.214477212;0.512566714
0.938829787;0.181818182;0;0.507706355;0.477649188;0.553157708;0.482989335;0.286863271;0.512566714;0.217158177;0.520746216
0.940159574;0.181818182;0.166666667;0.437040728;0.446735202;0.595069274;0.525097568;0.324396783;0.520746216;0.214477212;0.430013538
0.941489362;0.181818182;0.333333333;0.469254496;0.434412782;0.541290232;0.531939976;0.388739946;0.430013538;0.217158177;0.430159058
0.942819149;0.181818182;0.5;0.546893952;0.559873293;0.572822184;0.51544758;0.439678284;0.430159058;0.292225201;0.563809717
0.944148936;0.181818182;0.666666667;0.681756857;0.687090071;0.492985661;0.419144395;0.321715818;0.563809717;0.305630027;0.70758787
0.945478723;0.181818182;0.833333333;0.688757641;0.762626136;0.42134265;0.412357225;0.214477212;0.70758787;0.361930295;0.69328896
0.946808511;0.181818182;1;0.636926357;0.626119764;0.493304495;0.512566714;0.217158177;0.69328896;0.316353887;0.641606873
0.948138298;0.181818182;0;0.622776178;0.648266778;0.414758987;0.520746216;0.214477212;0.641606873;0.27077748;0.615102645
0.949468085;0.181818182;0.166666667;0.599799286;0.579948141;0.420742621;0.430013538;0.217158177;0.615102645;0.316353887;0.582372597
0.950797872;0.181818182;0.333333333;0.534592903;0.526586042;0.654001455;0.430159058;0.292225201;0.582372597;0.316353887;0.56574661
0.95212766;0.181818182;0.5;0.525653644;0.502189971;0.589511141;0.563809717;0.305630027;0.56574661;0.310991957;0.541902321
0.953457447;0.181818182;0.666666667;0.515458675;0.515041971;0.42060271;0.70758787;0.361930295;0.541902321;0.278820375;0.529407594
0.954787234;0.181818182;0.833333333;0.501680828;0.530161598;0.529123321;0.69328896;0.316353887;0.529407594;0.260053619;0.526871682
0.956117021;0.181818182;1;0.708248194;0.683401929;0.384718955;0.641606873;0.27077748;0.526871682;0.243967828;0.730139878
0.957446809;0.181818182;0;0.719847693;0.672312921;0.496208742;0.615102645;0.316353887;0.730139878;0.257372654;0.728796599
0.958776596;0.181818182;0.166666667;0.624692636;0.56821248;0.360687019;0.582372597;0.316353887;0.728796599;0.294906166;0.606352177
0.960106383;0.181818182;0.333333333;0.582084871;0.576120007;0.638488401;0.56574661;0.310991957;0.606352177;0.257372654;0.657976826
0.96143617;0.181818182;0.5;0.641767833;0.679238409;0.492752831;0.541902321;0.278820375;0.657976826;0.321715818;0.707521791
0.962765957;0.181818182;0.666666667;0.712517906;0.696740034;0.447341067;0.529407594;0.260053619;0.707521791;0.410187668;0.732391112
0.964095745;0.181818182;0.833333333;0.803640695;0.858269306;0.447815636;0.526871682;0.243967828;0.732391112;0.345844504;0.818585549
0.965425532;0.181818182;1;0.778887273;0.696740939;0.447496718;0.730139878;0.257372654;0.818585549;0.329758713;0.784710173
0.966755319;0.181818182;0;0.777437622;0.689983108;0.465645726;0.728796599;0.294906166;0.784710173;0.340482574;0.817176581
0.968085106;0.181818182;0.166666667;0.823530013;0.839577574;0.285598991;0.606352177;0.257372654;0.817176581;0.402144772;0.80733693
0.969414894;0.181818182;0.333333333;0.796875973;0.682184432;0.551107487;0.657976826;0.321715818;0.80733693;0.498659517;0.843466768
0.970744681;0.181818182;0.5;0.847360332;0.746388326;0.548378775;0.707521791;0.410187668;0.843466768;0.549597855;0.886799482
0.972074468;0.272727273;0.666666667;0.910636742;0.873962742;0.404048973;0.732391112;0.345844504;0.886799482;0.576407507;0.912052396
0.973404255;0.272727273;0.833333333;0.885013363;0.71952075;0.483325635;0.818585549;0.329758713;0.912052396;0.549597855;0.881445857
0.974734043;0.272727273;1;0.870353361;0.717124363;0.515492517;0.784710173;0.340482574;0.881445857;0.337801609;0.871099377
0.97606383;0.272727273;0;0.868609589;0.721919379;0.589129183;0.817176581;0.402144772;0.871099377;0.302949062;0.88846531
